Date,ITK,sti,spy,Google Trends Index,Unemployment,Public Holiday,Rainfall,Temperature,COVID Cases,,,,
3/1/2017,5,2898.969971,225.240005,84,3.2,0,0.6,26.4,0,,,,
4/1/2017,11,2921.310059,226.580002,41,3.2,0,2.8,26.6,0,,,,
5/1/2017,6,2954.139893,226.399994,0,3.2,0,0.6,28,0,,,,
6/1/2017,13,2962.629883,227.210007,0,3.2,0,0,28.3,0,,,,
9/1/2017,16,2981.540039,226.460007,40,3.2,0,0,28.4,0,,,,
10/1/2017,11,3006.02002,226.460007,0,3.2,0,3,27.9,0,,,,
11/1/2017,10,3000.939941,227.100006,0,3.2,0,26.4,26.7,0,,,,
12/1/2017,12,2993,226.529999,41,3.2,0,0,28,0,,,,
13/1/2017,12,3025.070068,227.050003,42,3.2,0,0,27.1,0,,,,
14/1/2017,5,3025.070068,227.050003,0,3.2,0,0.4,27.5,0,,,,
16/1/2017,4,3013.120117,227.050003,0,3.2,0,3,26.9,0,,,,
17/1/2017,8,3012.77002,226.25,0,3.2,0,0,27.1,0,,,,
18/1/2017,13,3000.219971,226.75,40,3.2,0,6,26.5,0,,,,
19/1/2017,10,3008.219971,225.910004,40,3.2,0,16.6,26.6,0,,,,
20/1/2017,11,3011.080078,226.740005,0,3.2,0,4.6,26.3,0,,,,
21/1/2017,1,3011.080078,226.740005,48,3.2,0,5.6,26.9,0,,,,
23/1/2017,6,3025.47998,226.149994,0,3.2,0,60.6,25.1,0,,,,
24/1/2017,18,3041.949951,227.600006,0,3.2,0,17.4,24,0,,,,
25/1/2017,9,3039.939941,229.570007,42,3.2,0,0,26,0,,,,
26/1/2017,10,3051.780029,229.330002,0,3.2,0,1.8,27,0,,,,
27/1/2017,7,3064.850098,228.970001,0,3.2,0,0,27.4,0,,,,
31/1/2017,7,3046.800049,227.529999,42,3.2,0,0,26.8,0,,,,
1/2/2017,17,3067.48999,227.619995,0,3.2,0,0,26.9,0,,,,
2/2/2017,15,3044.080078,227.770004,0,3.2,0,1.4,27.1,0,,,,
3/2/2017,11,3041.939941,229.339996,54,3.2,0,25.4,27.2,0,,,,
4/2/2017,4,3041.939941,229.339996,0,3.2,0,15,26.7,0,,,,
6/2/2017,15,3056.909912,228.929993,50,3.2,0,5.4,27.2,0,,,,
7/2/2017,10,3071.639893,228.940002,25,3.2,0,21,25.8,0,,,,
8/2/2017,17,3066.530029,229.240005,0,3.2,0,4.6,26.4,0,,,,
9/2/2017,7,3079.959961,230.600006,0,3.2,0,0,27.5,0,,,,
10/2/2017,19,3100.389893,231.509995,50,3.2,0,0,27.4,0,,,,
11/2/2017,2,3100.389893,231.509995,29,3.2,0,0,27.3,0,,,,
12/2/2017,0,3100.389893,231.509995,0,3.2,0,5.2,26.3,0,,,,
13/2/2017,11,3111.629883,232.770004,24,3.2,0,1.6,26.6,0,,,,
14/2/2017,16,3072.469971,233.699997,100,3.2,0,0.2,26.6,0,,,,
15/2/2017,5,3088.47998,234.919998,0,3.2,0,16.4,25.7,0,,,,
16/2/2017,14,3096.689941,234.720001,0,3.2,0,0.8,26.6,0,,,,
17/2/2017,14,3107.649902,235.089996,77,3.2,0,0,27.1,0,,,,
20/2/2017,12,3096.689941,235.089996,50,3.2,0,0,27.6,0,,,,
21/2/2017,6,3094.189941,236.490005,25,3.2,0,0,27.8,0,,,,
22/2/2017,8,3122.199951,236.279999,125,3.2,0,0,27.5,0,,,,
23/2/2017,7,3137.570068,236.440002,50,3.2,0,3.6,27.1,0,,,,
24/2/2017,23,3117.030029,236.740005,78,3.2,0,31.2,25.1,0,,,,
25/2/2017,2,3117.030029,236.740005,0,3.2,0,0,26.9,0,,,,
27/2/2017,17,3108.620117,237.110001,0,3.2,0,0,27.3,0,,,,
28/2/2017,8,3096.610107,236.470001,0,3.2,0,4,27.1,0,,,,
1/3/2017,16,3122.77002,239.779999,0,3.2,0,22,25.2,0,,,,
2/3/2017,17,3136.47998,238.270004,42,3.2,0,0.4,26.9,0,,,,
3/3/2017,16,3122.340088,238.419998,0,3.2,0,10.4,26.6,0,,,,
4/3/2017,2,3122.340088,238.419998,0,3.2,0,14.6,25.6,0,,,,
6/3/2017,14,3121.51001,237.710007,41,3.2,0,0,27.2,0,,,,
7/3/2017,7,3130.439941,237,0,3.2,0,0,27.1,0,,,,
8/3/2017,12,3145.290039,236.559998,86,3.2,0,0,27.3,0,,,,
9/3/2017,10,3118.840088,236.860001,86,3.2,0,0,27.1,0,,,,
10/3/2017,19,3133.350098,237.690002,88,3.2,0,0,27,0,,,,
11/3/2017,2,3133.350098,237.690002,52,3.2,0,0,27.7,0,,,,
12/3/2017,1,3133.350098,237.690002,50,3.2,0,0,26.8,0,,,,
13/3/2017,8,3147.149902,237.809998,39,3.2,0,0,27.7,0,,,,
14/3/2017,12,3143.399902,236.899994,42,3.2,0,0,26.9,0,,,,
15/3/2017,9,3137.429932,238.949997,0,3.2,0,0,28.6,0,,,,
16/3/2017,17,3163.52002,238.479996,43,3.2,0,0,28.2,0,,,,
17/3/2017,2,3169.379883,237.029999,43,3.2,0,0,27.3,0,,,,
18/3/2017,1,3169.379883,237.029999,50,3.2,0,0,28.4,0,,,,
20/3/2017,21,3165.699951,236.770004,0,3.2,0,21.4,26.7,0,,,,
21/3/2017,15,3158.570068,233.729996,43,3.2,0,0,27.7,0,,,,
22/3/2017,15,3118.189941,234.279999,0,3.2,0,0.4,28,0,,,,
23/3/2017,5,3126.929932,234.029999,85,3.2,0,0,28.7,0,,,,
24/3/2017,13,3142.899902,233.860001,0,3.2,0,0,28.2,0,,,,
25/3/2017,3,3142.899902,233.860001,102,3.2,0,0,28.1,0,,,,
27/3/2017,5,3126.879883,233.619995,84,3.2,0,5,28.5,0,,,,
28/3/2017,16,3157.820068,235.320007,43,3.2,0,30.2,26.4,0,,,,
29/3/2017,12,3184.570068,235.539993,129,3.2,0,2.4,26.9,0,,,,
30/3/2017,8,3173.23999,236.289993,85,3.2,0,19.2,25.6,0,,,,
31/3/2017,11,3175.110107,235.740005,0,3.2,0,10.6,27.1,0,,,,
1/4/2017,3,3175.110107,235.740005,0,3.1,0,7.6,26.4,0,,,,
3/4/2017,13,3187.51001,235.330002,0,3.1,0,1.4,27.5,0,,,,
4/4/2017,14,3179.060059,235.479996,87,3.1,0,2.2,28.6,0,,,,
5/4/2017,13,3176.550049,234.779999,0,3.1,0,0,29,0,,,,
6/4/2017,17,3175.590088,235.440002,172,3.1,0,0.6,28.6,0,,,,
7/4/2017,12,3177.27002,235.199997,88,3.1,0,37.8,27.5,0,,,,
8/4/2017,2,3177.27002,235.199997,0,3.1,0,1.6,26.8,0,,,,
10/4/2017,8,3181.449951,235.339996,0,3.1,0,0,27.3,0,,,,
11/4/2017,5,3174.75,235.059998,85,3.1,0,11.8,28.4,0,,,,
12/4/2017,9,3186.01001,234.029999,85,3.1,0,22,27.7,0,,,,
13/4/2017,9,3169.23999,232.509995,0,3.1,0,0.6,27,0,,,,
14/4/2017,1,3169.23999,232.509995,99,3.1,1,0.2,27.9,0,,,,
15/4/2017,4,3169.23999,232.509995,0,3.1,0,0,28.6,0,,,,
17/4/2017,22,3138.300049,234.570007,84,3.1,0,0,29.1,0,,,,
18/4/2017,6,3137.540039,233.869995,84,3.1,0,11.6,27.4,0,,,,
19/4/2017,11,3126.280029,233.440002,0,3.1,0,0.2,28,0,,,,
20/4/2017,21,3137.879883,235.339996,0,3.1,0,0,28.1,0,,,,
21/4/2017,15,3139.830078,234.589996,0,3.1,0,18,27.8,0,,,,
22/4/2017,5,3139.830078,234.589996,99,3.1,0,0.4,28.2,0,,,,
24/4/2017,11,3144.030029,237.169998,83,3.1,0,30.4,27.6,0,,,,
25/4/2017,11,3163.929932,238.550003,83,3.1,0,2.4,26.9,0,,,,
26/4/2017,12,3173.76001,238.399994,0,3.1,0,2.2,27.2,0,,,,
27/4/2017,9,3171.360107,238.600006,85,3.1,0,0.2,28,0,,,,
28/4/2017,9,3175.439941,238.080002,0,3.1,0,42.8,26.8,0,,,,
29/4/2017,7,3175.439941,238.080002,0,3.1,0,0,27.5,0,,,,
30/4/2017,0,3175.439941,238.080002,0,3.1,0,0,28.6,0,,,,
1/5/2017,1,3175.439941,238.679993,0,3.1,1,0,28.9,0,,,,
2/5/2017,14,3211.110107,238.770004,0,3.1,0,0,28.2,0,,,,
3/5/2017,6,3237.810059,238.479996,47,3.1,0,0,29,0,,,,
4/5/2017,16,3228.620117,238.759995,0,3.1,0,2.4,28.8,0,,,,
5/5/2017,8,3229.72998,239.699997,0,3.1,0,8,28.4,0,,,,
6/5/2017,3,3229.72998,239.699997,0,3.1,0,8,28.1,0,,,,
8/5/2017,20,3236.97998,239.660004,0,3.1,0,0,28.4,0,,,,
9/5/2017,13,3249.969971,239.440002,47,3.1,0,0,29.6,0,,,,
11/5/2017,14,3271.110107,239.380005,93,3.1,0,0,28.1,0,,,,
12/5/2017,12,3255.290039,238.979996,0,3.1,0,0.8,28.2,0,,,,
13/5/2017,3,3255.290039,238.979996,110,3.1,0,0,28.6,0,,,,
14/5/2017,0,3255.290039,238.979996,0,3.1,0,0,29.2,0,,,,
15/5/2017,17,3264.209961,240.300003,48,3.1,0,0.6,28.3,0,,,,
16/5/2017,12,3227.709961,240.080002,102,3.1,0,4,28.7,0,,,,
17/5/2017,17,3224.100098,235.820007,0,3.1,0,0,29.7,0,,,,
18/5/2017,12,3221.659912,236.770004,102,3.1,0,4,29,0,,,,
19/5/2017,16,3216.919922,238.309998,53,3.1,0,0,29.1,0,,,,
22/5/2017,18,3213.570068,239.520004,100,3.1,0,9.8,28.1,0,,,,
23/5/2017,14,3222.689941,240.050003,0,3.1,0,0,29.4,0,,,,
24/5/2017,17,3231.23999,240.610001,0,3.1,0,11,26.6,0,,,,
25/5/2017,17,3234.370117,241.759995,0,3.1,0,0,28,0,,,,
26/5/2017,7,3219.419922,241.710007,0,3.1,0,25.8,27.5,0,,,,
27/5/2017,3,3219.419922,241.710007,0,3.1,0,0,28.2,0,,,,
29/5/2017,13,3214.550049,241.710007,0,3.1,0,0,29.4,0,,,,
30/5/2017,16,3204.790039,241.5,0,3.1,0,13.8,26.7,0,,,,
31/5/2017,15,3210.820068,241.440002,0,3.1,0,44.8,28.5,0,,,,
1/6/2017,7,3235.959961,243.360001,41,3.1,0,8.2,27.6,0,,,,
2/6/2017,12,3240.01001,244.169998,0,3.1,0,0,29,0,,,,
3/6/2017,5,3240.01001,244.169998,0,3.1,0,0,29.6,0,,,,
5/6/2017,20,3238.310059,243.990005,40,3.1,0,0,29.8,0,,,,
6/6/2017,8,3235.75,243.210007,40,3.1,0,0,29.6,0,,,,
7/6/2017,12,3230.48999,243.660004,0,3.1,0,0,29.6,0,,,,
8/6/2017,18,3237.050049,243.779999,0,3.1,0,0,29.5,0,,,,
9/6/2017,9,3254.189941,243.410004,0,3.1,0,0,29.6,0,,,,
10/6/2017,4,3254.189941,243.410004,50,3.1,0,0,29,0,,,,
12/6/2017,2,3248.340088,243.360001,80,3.1,0,0,29.3,0,,,,
13/6/2017,9,3257.52002,244.550003,39,3.1,0,0.2,29.1,0,,,,
14/6/2017,4,3253.429932,244.240005,0,3.1,0,0,28.2,0,,,,
15/6/2017,12,3232.090088,243.770004,0,3.1,0,0,29.1,0,,,,
16/6/2017,8,3231.439941,242.639999,0,3.1,0,8,28.2,0,,,,
17/6/2017,3,3231.439941,242.639999,0,3.1,0,0,29,0,,,,
19/6/2017,12,3247.179932,244.660004,40,3.1,0,0,27.8,0,,,,
20/6/2017,10,3230.419922,243.009995,0,3.1,0,0,28.9,0,,,,
21/6/2017,11,3201.77002,242.949997,0,3.1,0,20.2,28.2,0,,,,
22/6/2017,15,3215.550049,242.839996,0,3.1,0,0,28.5,0,,,,
23/6/2017,14,3209.469971,243.130005,41,3.1,0,29.6,26.5,0,,,,
24/6/2017,5,3209.469971,243.130005,0,3.1,0,0,28.1,0,,,,
27/6/2017,6,3219.530029,241.330002,0,3.1,0,1.4,25.9,0,,,,
28/6/2017,5,3215.699951,243.490005,0,3.1,0,0,27.6,0,,,,
29/6/2017,23,3258.649902,241.350006,0,3.1,0,0,27.9,0,,,,
30/6/2017,12,3226.47998,241.800003,43,3.1,0,0,28.5,0,,,,
1/7/2017,5,3226.47998,241.800003,0,3.1,0,0,29.3,0,,,,
3/7/2017,16,3223.459961,242.210007,49,3.1,0,0,27.3,0,,,,
4/7/2017,12,3211.169922,242.210007,0,3.1,0,0,28.4,0,,,,
5/7/2017,9,3248.709961,242.770004,0,3.1,0,23.2,27.3,0,,,,
6/7/2017,16,3226.340088,240.550003,100,3.1,0,0,27.7,0,,,,
7/7/2017,18,3229.01001,242.110001,0,3.1,0,0,28.6,0,,,,
8/7/2017,1,3229.01001,242.110001,0,3.1,0,8.8,27.9,0,,,,
10/7/2017,26,3246.350098,242.369995,100,3.1,0,0,28.6,0,,,,
11/7/2017,19,3218.800049,242.190002,49,3.1,0,30.6,27.3,0,,,,
12/7/2017,7,3208.909912,244.009995,48,3.1,0,4.6,26.2,0,,,,
13/7/2017,7,3235.669922,244.419998,0,3.1,0,6.4,27,0,,,,
14/7/2017,17,3287.429932,245.559998,0,3.1,0,3.2,26.2,0,,,,
15/7/2017,1,3287.429932,245.559998,0,3.1,0,0,27.2,0,,,,
17/7/2017,17,3298.23999,245.529999,0,3.1,0,0,28.5,0,,,,
18/7/2017,12,3306.080078,245.660004,0,3.1,0,0,28.5,0,,,,
19/7/2017,16,3325.070068,246.990005,49,3.1,0,0,28.4,0,,,,
20/7/2017,16,3293.129883,247.100006,49,3.1,0,0,28.6,0,,,,
21/7/2017,17,3314.120117,246.880005,0,3.1,0,0,28.9,0,,,,
22/7/2017,3,3314.120117,246.880005,59,3.1,0,0,29.2,0,,,,
23/7/2017,0,3314.120117,246.880005,0,3.1,0,0,29.1,0,,,,
24/7/2017,18,3310.800049,246.820007,49,3.1,0,0,29.3,0,,,,
25/7/2017,17,3327.830078,247.419998,49,3.1,0,0,29.1,0,,,,
26/7/2017,18,3336.719971,247.429993,48,3.1,0,2.4,28.4,0,,,,
27/7/2017,10,3354.709961,247.199997,48,3.1,0,0,29.1,0,,,,
28/7/2017,7,3330.75,246.910004,102,3.1,0,0,29.3,0,,,,
29/7/2017,3,3330.75,246.910004,0,3.1,0,0,29.3,0,,,,
31/7/2017,7,3329.52002,246.770004,0,3.1,0,0,29.1,0,,,,
1/8/2017,3,3338.199951,247.320007,0,3.1,0,1.6,29.2,0,,,,
2/8/2017,15,3348.800049,247.440002,0,3.1,0,0,29.3,0,,,,
3/8/2017,3,3342.919922,246.960007,170,3.1,0,0,29.2,0,,,,
4/8/2017,12,3326.52002,247.410004,88,3.1,0,0,29.3,0,,,,
5/8/2017,4,3326.52002,247.410004,0,3.1,0,0,29.5,0,,,,
7/8/2017,10,3320.669922,247.869995,0,3.1,0,7.2,28.4,0,,,,
8/8/2017,5,3318.080078,247.259995,0,3.1,0,7,27.5,0,,,,
10/8/2017,15,3323.23999,243.759995,0,3.1,0,0,28.3,0,,,,
11/8/2017,14,3279.719971,244.119995,89,3.1,0,1.2,27.4,0,,,,
12/8/2017,9,3279.719971,244.119995,0,3.1,0,3,27,0,,,,
14/8/2017,19,3308.689941,246.539993,0,3.1,0,0.2,27.8,0,,,,
15/8/2017,15,3294.929932,246.509995,0,3.1,0,0.2,27.3,0,,,,
16/8/2017,16,3278.949951,246.940002,0,3.1,0,0,28.1,0,,,,
17/8/2017,19,3268.879883,243.089996,83,3.1,0,14,27.3,0,,,,
18/8/2017,28,3251.98999,242.710007,0,3.1,0,29.4,27.3,0,,,,
19/8/2017,5,3251.98999,242.710007,0,3.1,0,4.8,28.1,0,,,,
21/8/2017,16,3246.98999,242.899994,0,3.1,0,0,28.8,0,,,,
22/8/2017,24,3263.790039,245.440002,84,3.1,0,5.2,27.2,0,,,,
23/8/2017,14,3260.050049,244.559998,0,3.1,0,0,29,0,,,,
24/8/2017,12,3272.159912,243.990005,0,3.1,0,0,28.8,0,,,,
25/8/2017,19,3259.570068,244.559998,0,3.1,0,1.2,27.8,0,,,,
28/8/2017,29,3267.620117,244.570007,0,3.1,0,3.2,28.1,0,,,,
29/8/2017,24,3249.340088,244.850006,0,3.1,0,0.6,26.7,0,,,,
30/8/2017,28,3265.26001,246.009995,0,3.1,0,0.6,27.7,0,,,,
31/8/2017,18,3277.26001,247.490005,0,3.1,0,0,28.4,0,,,,
1/9/2017,1,3277.26001,247.839996,0,3.1,1,0,29,0,,,,
2/9/2017,6,3277.26001,247.839996,0,3.1,0,0,29,0,,,,
4/9/2017,10,3230.969971,247.839996,0,3.1,0,0.4,28.6,0,,,,
5/9/2017,15,3251.26001,246.059998,86,3.1,0,10.4,28.2,0,,,,
6/9/2017,11,3232.469971,246.899994,0,3.1,0,20.2,26.6,0,,,,
7/9/2017,4,3228.060059,246.869995,0,3.1,0,0,28,0,,,,
8/9/2017,15,3228.560059,246.580002,43,3.1,0,0,27.9,0,,,,
9/9/2017,3,3228.560059,246.580002,100,3.1,0,2.6,27.9,0,,,,
11/9/2017,17,3228.51001,249.210007,0,3.1,0,14,26.9,0,,,,
12/9/2017,9,3235.689941,250.050003,41,3.1,0,0,28.4,0,,,,
13/9/2017,12,3230.360107,250.169998,0,3.1,0,0,29.1,0,,,,
14/9/2017,23,3220.949951,250.089996,0,3.1,0,0,28.7,0,,,,
15/9/2017,9,3209.560059,249.190002,0,3.1,0,0,28.3,0,,,,
16/9/2017,4,3209.560059,249.190002,0,3.1,0,19.2,27.7,0,,,,
18/9/2017,10,3241.850098,249.720001,41,3.1,0,16.8,26.9,0,,,,
19/9/2017,14,3225.949951,249.970001,0,3.1,0,3.8,26.3,0,,,,
20/9/2017,17,3218.070068,250.059998,42,3.1,0,4,27,0,,,,
21/9/2017,8,3213.820068,249.389999,0,3.1,0,3.2,26.8,0,,,,
22/9/2017,17,3220.25,249.440002,0,3.1,0,0,28.7,0,,,,
23/9/2017,3,3220.25,249.440002,49,3.1,0,8.8,28.8,0,,,,
25/9/2017,18,3215.909912,248.929993,0,3.1,0,0,28.9,0,,,,
26/9/2017,10,3212.040039,249.080002,0,3.1,0,1,27.6,0,,,,
27/9/2017,20,3236.149902,250.050003,42,3.1,0,1.8,27.2,0,,,,
28/9/2017,13,3227.139893,250.350006,41,3.1,0,0.2,28,0,,,,
29/9/2017,13,3219.909912,251.229996,43,3.1,0,8.4,27.5,0,,,,
30/9/2017,6,3219.909912,251.229996,0,3.1,0,0.4,27.8,0,,,,
2/10/2017,16,3262.100098,252.320007,0,2.9,0,0.2,27.9,0,,,,
3/10/2017,12,3246.080078,252.860001,0,2.9,0,3.2,27.3,0,,,,
4/10/2017,8,3236.649902,253.160004,82,2.9,0,7.8,26,0,,,,
5/10/2017,8,3261.840088,254.660004,0,2.9,0,0.2,27.8,0,,,,
6/10/2017,15,3291.290039,254.369995,0,2.9,0,0,28.6,0,,,,
7/10/2017,1,3291.290039,254.369995,100,2.9,0,2,27.8,0,,,,
9/10/2017,12,3291.560059,253.949997,0,2.9,0,31.4,27.8,0,,,,
10/10/2017,12,3288.949951,254.619995,81,2.9,0,7,27.6,0,,,,
11/10/2017,10,3280.280029,255.020004,82,2.9,0,2.2,28.2,0,,,,
12/10/2017,17,3303.090088,254.639999,0,2.9,0,11.6,27.3,0,,,,
13/10/2017,13,3319.110107,254.949997,0,2.9,0,1,27.2,0,,,,
14/10/2017,3,3319.110107,254.949997,0,2.9,0,0,29.2,0,,,,
16/10/2017,15,3323.060059,255.289993,0,2.9,0,0,28.5,0,,,,
17/10/2017,10,3329.030029,255.470001,84,2.9,0,0.2,29.7,0,,,,
19/10/2017,16,3334.909912,255.789993,84,2.9,0,0,29.7,0,,,,
20/10/2017,6,3340.72998,257.109985,0,2.9,0,0,29.3,0,,,,
21/10/2017,1,3340.72998,257.109985,0,2.9,0,0.2,28.9,0,,,,
23/10/2017,20,3349.800049,256.109985,0,2.9,0,0,28,0,,,,
24/10/2017,4,3334.669922,256.559998,0,2.9,0,8.2,27.7,0,,,,
25/10/2017,8,3343.879883,255.289993,0,2.9,0,0.8,27.6,0,,,,
26/10/2017,7,3356.25,255.619995,82,2.9,0,10.6,27.5,0,,,,
27/10/2017,20,3386.439941,257.709991,0,2.9,0,4,26.6,0,,,,
30/10/2017,10,3375.969971,256.75,0,2.9,0,0,26.8,0,,,,
31/10/2017,21,3374.080078,257.149994,0,2.9,0,3.4,25.9,0,,,,
1/11/2017,24,3391.610107,257.48999,0,2.9,0,0.6,27.3,0,,,,
2/11/2017,11,3380.5,257.589996,49,2.9,0,0,27.7,0,,,,
3/11/2017,11,3382.310059,258.450012,100,2.9,0,1.4,28.1,0,,,,
4/11/2017,3,3382.310059,258.450012,0,2.9,0,6.4,27.5,0,,,,
6/11/2017,6,3381.850098,258.850006,0,2.9,0,42.6,26.4,0,,,,
7/11/2017,17,3413.100098,258.670013,0,2.9,0,1.8,26.6,0,,,,
8/11/2017,17,3421.25,259.109985,0,2.9,0,0.2,27.4,0,,,,
9/11/2017,13,3423.909912,258.170013,96,2.9,0,33.2,26.2,0,,,,
10/11/2017,12,3420.100098,258.089996,50,2.9,0,21.8,25.7,0,,,,
11/11/2017,3,3420.100098,258.089996,0,2.9,0,10.6,25.8,0,,,,
13/11/2017,6,3419.129883,258.329987,96,2.9,0,4.2,27.6,0,,,,
14/11/2017,21,3399.090088,257.730011,0,2.9,0,45,25.8,0,,,,
15/11/2017,13,3368.699951,256.440002,0,2.9,0,0,27.3,0,,,,
16/11/2017,17,3341.300049,258.619995,49,2.9,0,18,27.9,0,,,,
17/11/2017,11,3382.379883,257.859985,102,2.9,0,3.2,26.9,0,,,,
18/11/2017,2,3382.379883,257.859985,0,2.9,0,11.4,27.5,0,,,,
20/11/2017,4,3386.590088,258.299988,96,2.9,0,11.2,27.1,0,,,,
21/11/2017,9,3423.379883,259.98999,98,2.9,0,13.8,25.8,0,,,,
22/11/2017,15,3430.02002,259.76001,0,2.9,0,0,27.9,0,,,,
23/11/2017,22,3423.169922,259.76001,48,2.9,0,6.2,26.5,0,,,,
24/11/2017,7,3442.149902,260.359985,100,2.9,0,1,26.4,0,,,,
25/11/2017,2,3442.149902,260.359985,0,2.9,0,0,28,0,,,,
26/11/2017,1,3442.149902,260.359985,0,2.9,0,0,27.1,0,,,,
27/11/2017,12,3436.360107,260.230011,96,2.9,0,3.4,26,0,,,,
28/11/2017,12,3442.350098,262.869995,49,2.9,0,0.4,27.3,0,,,,
29/11/2017,13,3438.98999,262.709991,50,2.9,0,14,27.2,0,,,,
30/11/2017,11,3433.540039,265.01001,50,2.9,0,0,27.9,0,,,,
1/12/2017,17,3449.540039,264.459991,0,2.9,0,0,28,0,,,,
2/12/2017,3,3449.540039,264.459991,98,2.9,0,1,28.1,0,,,,
3/12/2017,1,3449.540039,264.459991,100,2.9,0,0.6,28.3,0,,,,
4/12/2017,8,3438.469971,264.140015,0,2.9,0,14,27,0,,,,
5/12/2017,17,3438.060059,263.190002,0,2.9,0,3.2,27.7,0,,,,
6/12/2017,8,3397.209961,263.23999,166,2.9,0,3.6,27.8,0,,,,
7/12/2017,12,3388.139893,264.070007,0,2.9,0,32.4,26.4,0,,,,
8/12/2017,18,3424.639893,265.51001,87,2.9,0,0,26.9,0,,,,
9/12/2017,5,3424.639893,265.51001,0,2.9,0,0.6,26,0,,,,
10/12/2017,1,3424.639893,265.51001,0,2.9,0,8.6,27.5,0,,,,
11/12/2017,14,3460.449951,266.309998,84,2.9,0,9.2,27.1,0,,,,
12/12/2017,12,3465.540039,266.779999,0,2.9,0,31.6,26,0,,,,
13/12/2017,6,3468.77002,266.75,87,2.9,0,69.8,26.1,0,,,,
14/12/2017,11,3435.780029,265.660004,0,2.9,0,0.8,26.8,0,,,,
15/12/2017,9,3416.939941,266.51001,0,2.9,0,19,26.8,0,,,,
16/12/2017,5,3416.939941,266.51001,0,2.9,0,0,27.5,0,,,,
18/12/2017,17,3414.820068,268.200012,0,2.9,0,0.4,27.6,0,,,,
19/12/2017,11,3404.469971,267.170013,89,2.9,0,0.4,26.3,0,,,,
20/12/2017,18,3394.870117,267.029999,176,2.9,0,0,26.9,0,,,,
21/12/2017,11,3382.530029,267.579987,0,2.9,0,0,27.6,0,,,,
22/12/2017,10,3385.709961,267.51001,0,2.9,0,51.6,27.3,0,,,,
23/12/2017,4,3385.709961,267.51001,0,2.9,0,4,27.4,0,,,,
24/12/2017,0,3385.709961,267.51001,0,2.9,0,0,26.3,0,,,,
26/12/2017,15,3378.159912,267.190002,0,2.9,0,5.2,26.6,0,,,,
27/12/2017,9,3391.669922,267.320007,90,2.9,0,15.4,26.2,0,,,,
28/12/2017,6,3399.100098,267.869995,0,2.9,0,9,26.8,0,,,,
29/12/2017,5,3402.919922,266.859985,0,2.9,0,0,27.7,0,,,,
30/12/2017,1,3402.919922,266.859985,0,2.9,0,4.4,26.8,0,,,,
31/12/2017,0,3402.919922,266.859985,0,2.9,0,63.4,25,0,,,,
2/1/2018,12,3430.300049,268.769989,0,2.9,0,0.8,25.5,0,,,,
3/1/2018,11,3464.280029,270.470001,150,2.9,0,2,26.6,0,,,,
4/1/2018,5,3501.159912,271.609985,50,2.9,0,0.2,26.1,0,,,,
5/1/2018,14,3489.449951,273.420013,0,2.9,0,1,26,0,,,,
6/1/2018,1,3489.449951,273.420013,0,2.9,0,0,26.8,0,,,,
8/1/2018,17,3512.179932,273.920013,96,2.9,0,45.8,26.4,0,,,,
9/1/2018,5,3524.649902,274.540009,0,2.9,0,1.8,27.2,0,,,,
10/1/2018,23,3520.449951,274.119995,0,2.9,0,29.8,24.5,0,,,,
11/1/2018,13,3512.679932,276.119995,0,2.9,0,10.4,23.9,0,,,,
12/1/2018,19,3520.560059,277.920013,0,2.9,0,9.8,23.1,0,,,,
13/1/2018,2,3520.560059,277.920013,0,2.9,0,42.2,23,0,,,,
14/1/2018,0,3520.560059,277.920013,0,2.9,0,6.8,23.4,0,,,,
15/1/2018,19,3536.409912,277.920013,48,2.9,0,1.4,25.2,0,,,,
16/1/2018,7,3550.209961,276.970001,48,2.9,0,0,26.2,0,,,,
17/1/2018,8,3541.909912,279.609985,97,2.9,0,0,27.2,0,,,,
18/1/2018,15,3521.310059,279.140015,48,2.9,0,0,27.2,0,,,,
19/1/2018,12,3550.360107,280.410004,51,2.9,0,2.6,26.8,0,,,,
20/1/2018,5,3550.360107,280.410004,0,2.9,0,22.8,26.4,0,,,,
22/1/2018,23,3569.429932,282.690002,48,2.9,0,5.6,27.5,0,,,,
23/1/2018,12,3592.080078,283.290009,49,2.9,0,6.8,26.8,0,,,,
24/1/2018,15,3609.23999,283.179993,0,2.9,0,1,26.7,0,,,,
25/1/2018,11,3572.620117,283.299988,49,2.9,0,0.6,26.6,0,,,,
26/1/2018,15,3567.139893,286.579987,0,2.9,0,0.6,26.4,0,,,,
27/1/2018,3,3567.139893,286.579987,57,2.9,0,6.6,27.1,0,,,,
29/1/2018,14,3577.070068,284.679993,0,2.9,0,0,27.7,0,,,,
30/1/2018,24,3548.73999,281.76001,0,2.9,0,40.8,26.9,0,,,,
31/1/2018,18,3533.98999,281.899994,48,2.9,0,2.6,27.2,0,,,,
1/2/2018,23,3547.22998,281.579987,0,2.9,0,0,28.1,0,,,,
2/2/2018,21,3529.820068,275.450012,158,2.9,0,13,25.4,0,,,,
3/2/2018,5,3529.820068,275.450012,88,2.9,0,0,27,0,,,,
5/2/2018,23,3482.929932,263.929993,0,2.9,0,0,27.1,0,,,,
6/2/2018,16,3406.379883,269.130005,152,2.9,0,0,26.6,0,,,,
7/2/2018,19,3383.77002,267.670013,228,2.9,0,0,26.1,0,,,,
8/2/2018,8,3415.899902,257.630005,77,2.9,0,0,26.4,0,,,,
9/2/2018,12,3377.23999,261.5,0,2.9,0,0,26.3,0,,,,
10/2/2018,7,3377.23999,261.5,178,2.9,0,0,26.2,0,,,,
12/2/2018,17,3384.97998,265.339996,0,2.9,0,0,27.2,0,,,,
13/2/2018,11,3415.070068,266,78,2.9,0,0,27,0,,,,
14/2/2018,11,3402.860107,269.589996,0,2.9,0,0,26.8,0,,,,
15/2/2018,6,3443.51001,273.029999,0,2.9,0,0.2,27.3,0,,,,
19/2/2018,9,3487.879883,273.109985,0,2.9,0,0,27.5,0,,,,
20/2/2018,15,3476.530029,271.399994,77,2.9,0,0,28,0,,,,
21/2/2018,22,3516.22998,270.049988,76,2.9,0,0,28,0,,,,
22/2/2018,9,3488.459961,270.399994,0,2.9,0,0,28.2,0,,,,
23/2/2018,9,3533.219971,274.709991,0,2.9,0,0.8,28.1,0,,,,
24/2/2018,4,3533.219971,274.709991,0,2.9,0,0.2,26.1,0,,,,
26/2/2018,7,3555.850098,277.899994,0,2.9,0,0,27.5,0,,,,
27/2/2018,18,3540.389893,274.429993,0,2.9,0,0,27.6,0,,,,
28/2/2018,16,3517.939941,271.649994,0,2.9,0,0,28.4,0,,,,
1/3/2018,12,3513.850098,267.700012,100,2.9,0,0,28.1,0,,,,
2/3/2018,11,3479.199951,269.079987,52,2.9,0,3.2,27.8,0,,,,
3/3/2018,3,3479.199951,269.079987,58,2.9,0,0,28.6,0,,,,
5/3/2018,19,3438.610107,272.190002,0,2.9,0,0,28.6,0,,,,
6/3/2018,13,3491.919922,272.880005,0,2.9,0,0,28.7,0,,,,
7/3/2018,16,3450.689941,272.779999,50,2.9,0,5.8,26.4,0,,,,
8/3/2018,12,3480.439941,274.100006,0,2.9,0,0.6,26.6,0,,,,
9/3/2018,7,3485.570068,278.869995,0,2.9,0,0,28.4,0,,,,
10/3/2018,4,3485.570068,278.869995,59,2.9,0,15.2,27.3,0,,,,
12/3/2018,3,3540.189941,278.519989,49,2.9,0,0,28,0,,,,
13/3/2018,15,3553.72998,276.720001,150,2.9,0,0,28.2,0,,,,
14/3/2018,14,3539.409912,275.299988,0,2.9,0,0,28.3,0,,,,
15/3/2018,18,3517.72998,275,0,2.9,0,0,28.5,0,,,,
16/3/2018,12,3512.139893,274.200012,0,2.9,0,0,28.7,0,,,,
17/3/2018,2,3512.139893,274.200012,0,2.9,0,0,28.9,0,,,,
18/3/2018,0,3512.139893,274.200012,0,2.9,0,0,28.8,0,,,,
19/3/2018,14,3498.290039,270.48999,0,2.9,0,0,28.9,0,,,,
20/3/2018,14,3513.310059,270.950012,0,2.9,0,0,28.9,0,,,,
21/3/2018,10,3511.129883,270.429993,50,2.9,0,0,28,0,,,,
22/3/2018,16,3491.370117,263.670013,51,2.9,0,0,29,0,,,,
23/3/2018,15,3421.389893,258.049988,53,2.9,0,0,28.8,0,,,,
24/3/2018,2,3421.389893,258.049988,0,2.9,0,0,28.3,0,,,,
26/3/2018,12,3412.459961,265.109985,0,2.9,0,0,28.5,0,,,,
27/3/2018,21,3439.350098,260.600006,51,2.9,0,10.2,25.4,0,,,,
28/3/2018,8,3382.780029,259.829987,0,2.9,0,1.2,26.9,0,,,,
29/3/2018,15,3427.969971,263.149994,54,2.9,0,0.2,26.7,0,,,,
30/3/2018,0,3427.969971,263.149994,0,2.9,1,0.8,26.9,0,,,,
31/3/2018,5,3427.969971,263.149994,0,2.9,0,0.4,27.9,0,,,,
2/4/2018,19,3430.76001,257.470001,44,2.9,0,0,28.5,0,,,,
3/4/2018,6,3412.149902,260.769989,44,2.9,0,0,28.7,0,,,,
4/4/2018,10,3339.699951,263.559998,0,2.9,0,0,28.6,0,,,,
5/4/2018,12,3405.649902,265.640015,0,2.9,0,0,28.7,0,,,,
6/4/2018,15,3442.5,259.720001,0,2.9,0,3.8,28.1,0,,,,
7/4/2018,2,3442.5,259.720001,0,2.9,0,1.4,28.2,0,,,,
9/4/2018,9,3449.959961,261,130,2.9,0,0,29.1,0,,,,
10/4/2018,19,3466.379883,265.149994,43,2.9,0,0,28.7,0,,,,
11/4/2018,19,3479.76001,263.76001,0,2.9,0,0,29.3,0,,,,
12/4/2018,11,3468.610107,265.929993,43,2.9,0,0,29.7,0,,,,
13/4/2018,16,3501.300049,265.149994,45,2.9,0,0,29.7,0,,,,
14/4/2018,6,3501.300049,265.149994,51,2.9,0,0.4,28.4,0,,,,
16/4/2018,10,3497.189941,267.329987,44,2.9,0,1.6,26.6,0,,,,
17/4/2018,16,3498.199951,270.190002,131,2.9,0,0.2,28.8,0,,,,
18/4/2018,15,3557.820068,270.390015,0,2.9,0,0,29,0,,,,
19/4/2018,7,3598.72998,268.890015,88,2.9,0,0.6,28.2,0,,,,
20/4/2018,13,3573.379883,266.609985,0,2.9,0,0,28.5,0,,,,
21/4/2018,3,3573.379883,266.609985,0,2.9,0,0.2,27.6,0,,,,
23/4/2018,9,3579.540039,266.570007,0,2.9,0,7.4,27.6,0,,,,
24/4/2018,14,3584.560059,262.980011,129,2.9,0,0,28.7,0,,,,
25/4/2018,12,3568.01001,263.630005,0,2.9,0,0,30.2,0,,,,
26/4/2018,14,3570.02002,266.309998,0,2.9,0,14,28.4,0,,,,
27/4/2018,15,3577.209961,266.559998,0,2.9,0,12,26.5,0,,,,
28/4/2018,2,3577.209961,266.559998,0,2.9,0,0.2,27.7,0,,,,
30/4/2018,7,3613.929932,264.51001,0,2.9,0,4.6,29.1,0,,,,
2/5/2018,10,3615.280029,263.200012,47,2.9,0,0.6,28,0,,,,
3/5/2018,19,3575.679932,262.619995,0,2.9,0,14.2,28.5,0,,,,
4/5/2018,9,3545.379883,266.019989,49,2.9,0,0,29.3,0,,,,
5/5/2018,2,3545.379883,266.019989,0,2.9,0,0,29.5,0,,,,
7/5/2018,7,3532.860107,266.920013,0,2.9,0,0,29.5,0,,,,
8/5/2018,14,3543.169922,266.920013,0,2.9,0,0,30.1,0,,,,
9/5/2018,18,3548.540039,269.5,0,2.9,0,0,30.4,0,,,,
10/5/2018,12,3537.590088,272.019989,0,2.9,0,0,29.4,0,,,,
11/5/2018,14,3570.169922,272.850006,48,2.9,0,0,29.7,0,,,,
12/5/2018,8,3570.169922,272.850006,0,2.9,0,0.2,30,0,,,,
14/5/2018,13,3562.459961,272.980011,94,2.9,0,0,28.9,0,,,,
15/5/2018,5,3540.22998,271.100006,48,2.9,0,0.8,29.1,0,,,,
16/5/2018,6,3533.050049,272.23999,0,2.9,0,5,28,0,,,,
17/5/2018,12,3536.76001,272.01001,0,2.9,0,0,29.1,0,,,,
18/5/2018,17,3529.27002,271.329987,0,2.9,0,1.2,28.5,0,,,,
19/5/2018,3,3529.27002,271.329987,0,2.9,0,3,27.9,0,,,,
21/5/2018,16,3548.22998,273.369995,0,2.9,0,1,28.8,0,,,,
22/5/2018,13,3543.179932,272.609985,47,2.9,0,0,28.9,0,,,,
23/5/2018,15,3496.27002,273.359985,0,2.9,0,35.4,27.2,0,,,,
24/5/2018,14,3528.919922,272.799988,48,2.9,0,0.8,28.3,0,,,,
25/5/2018,10,3513.22998,272.149994,0,2.9,0,0,29.1,0,,,,
26/5/2018,3,3513.22998,272.149994,0,2.9,0,10,27.8,0,,,,
28/5/2018,9,3518.47998,272.149994,98,2.9,0,47.4,27.4,0,,,,
30/5/2018,16,3443.949951,272.609985,48,2.9,0,0.2,27.9,0,,,,
31/5/2018,15,3428.179932,270.940002,49,2.9,0,2.8,27.3,0,,,,
1/6/2018,12,3427.51001,273.600006,0,2.9,0,24.2,27.9,0,,,,
2/6/2018,9,3427.51001,273.600006,0,2.9,0,46.8,27.2,0,,,,
4/6/2018,11,3467.47998,274.899994,0,2.9,0,0.4,29.7,0,,,,
5/6/2018,16,3483.159912,275.100006,0,2.9,0,0,29.5,0,,,,
6/6/2018,17,3467.810059,277.399994,0,2.9,0,0,30.2,0,,,,
7/6/2018,7,3473.080078,277.369995,86,2.9,0,0,30.3,0,,,,
8/6/2018,10,3436.370117,278.190002,0,2.9,0,3.8,29.2,0,,,,
9/6/2018,4,3436.370117,278.190002,0,2.9,0,0,29.3,0,,,,
11/6/2018,11,3441.689941,278.559998,0,2.9,0,0,30.2,0,,,,
12/6/2018,9,3430.689941,278.920013,0,2.9,0,0,29.9,0,,,,
13/6/2018,4,3392.51001,278.029999,0,2.9,0,1.4,28.5,0,,,,
14/6/2018,7,3356.72998,278.730011,0,2.9,0,3.2,29.1,0,,,,
16/6/2018,5,3356.72998,277.130005,100,2.9,0,0,29.3,0,,,,
18/6/2018,8,3324.040039,276.559998,81,2.9,0,9.4,28.4,0,,,,
19/6/2018,7,3301.350098,275.5,0,2.9,0,0.6,27.9,0,,,,
20/6/2018,6,3315.899902,275.970001,80,2.9,0,21.2,27.1,0,,,,
21/6/2018,9,3300,274.23999,0,2.9,0,0.6,27.7,0,,,,
22/6/2018,7,3287.399902,274.73999,0,2.9,0,0,28.6,0,,,,
23/6/2018,6,3287.399902,274.73999,0,2.9,0,0.6,27.4,0,,,,
25/6/2018,12,3260.840088,271,0,2.9,0,15.2,26.8,0,,,,
26/6/2018,14,3280.870117,271.600006,81,2.9,0,31.4,27,0,,,,
27/6/2018,10,3254.77002,269.350006,0,2.9,0,10.6,26,0,,,,
28/6/2018,7,3257.570068,270.890015,160,2.9,0,0,28.1,0,,,,
29/6/2018,10,3268.699951,271.279999,0,2.9,0,6,26.3,0,,,,
30/6/2018,5,3268.699951,271.279999,0,2.9,0,0,28.1,0,,,,
2/7/2018,7,3238.939941,271.859985,0,2.9,0,0,27.5,0,,,,
3/7/2018,17,3235.899902,270.899994,47,2.9,0,31.4,27.3,0,,,,
4/7/2018,22,3244.889893,270.899994,47,2.9,0,0,28.3,0,,,,
5/7/2018,17,3256.709961,273.109985,96,2.9,0,0,28.9,0,,,,
6/7/2018,8,3191.820068,275.420013,0,2.9,0,0,28.8,0,,,,
7/7/2018,3,3191.820068,275.420013,0,2.9,0,32.4,28.4,0,,,,
9/7/2018,15,3228.820068,277.899994,47,2.9,0,0,28.8,0,,,,
10/7/2018,13,3274.830078,278.899994,0,2.9,0,13.8,26.9,0,,,,
11/7/2018,9,3249.080078,276.859985,0,2.9,0,0,28.2,0,,,,
12/7/2018,10,3253.01001,279.369995,50,2.9,0,0,29.1,0,,,,
13/7/2018,13,3260.350098,279.589996,51,2.9,0,0,29,0,,,,
14/7/2018,2,3260.350098,279.589996,0,2.9,0,19.2,28.5,0,,,,
16/7/2018,18,3232.790039,279.339996,200,2.9,0,0,29,0,,,,
17/7/2018,11,3239.639893,280.470001,98,2.9,0,0,29.1,0,,,,
18/7/2018,16,3240.5,281.059998,51,2.9,0,0,29.2,0,,,,
19/7/2018,13,3277.580078,280,50,2.9,0,8,28.2,0,,,,
20/7/2018,10,3297.830078,279.679993,0,2.9,0,1,29,0,,,,
21/7/2018,3,3297.830078,279.679993,0,2.9,0,0,28.6,0,,,,
23/7/2018,11,3293.709961,280.200012,49,2.9,0,0,29.7,0,,,,
24/7/2018,19,3292.649902,281.609985,0,2.9,0,0,29.5,0,,,,
25/7/2018,8,3326.830078,284.01001,0,2.9,0,5.2,27.7,0,,,,
26/7/2018,6,3328.600098,283.339996,0,2.9,0,0,28.3,0,,,,
27/7/2018,14,3324.97998,281.420013,51,2.9,0,0,29.2,0,,,,
28/7/2018,4,3324.97998,281.420013,59,2.9,0,0,29.6,0,,,,
30/7/2018,8,3307.149902,279.950012,50,2.9,0,4.8,27.4,0,,,,
31/7/2018,16,3319.850098,281.329987,97,2.9,0,0,27.8,0,,,,
1/8/2018,11,3328.949951,280.859985,85,2.9,0,4.2,26.4,0,,,,
2/8/2018,9,3286.320068,282.390015,0,2.9,0,0,28.1,0,,,,
3/8/2018,9,3265.72998,283.600006,178,2.9,0,0,28.6,0,,,,
4/8/2018,7,3265.72998,283.600006,0,2.9,0,27.2,28.1,0,,,,
6/8/2018,8,3285.340088,284.640015,0,2.9,0,0,28.8,0,,,,
7/8/2018,14,3340,285.579987,0,2.9,0,0,28.3,0,,,,
8/8/2018,9,3326.73999,285.459991,0,2.9,0,6.8,26.6,0,,,,
10/8/2018,10,3284.780029,283.160004,0,2.9,0,0,29.2,0,,,,
11/8/2018,5,3284.780029,283.160004,100,2.9,0,0,29.1,0,,,,
13/8/2018,13,3245.340088,282.100006,0,2.9,0,0,29.6,0,,,,
14/8/2018,15,3242.870117,283.899994,84,2.9,0,0,29.8,0,,,,
15/8/2018,11,3234.120117,281.779999,84,2.9,0,0,29.6,0,,,,
16/8/2018,12,3211.929932,284.059998,0,2.9,0,0,29.4,0,,,,
17/8/2018,17,3209.439941,285.059998,83,2.9,0,3,28.2,0,,,,
18/8/2018,1,3209.439941,285.059998,0,2.9,0,0,29.1,0,,,,
20/8/2018,10,3204.709961,285.670013,85,2.9,0,0,29.4,0,,,,
21/8/2018,18,3199.889893,286.339996,85,2.9,0,0,29.2,0,,,,
23/8/2018,13,3249.889893,285.790009,0,2.9,0,5,28.4,0,,,,
24/8/2018,9,3213,287.51001,88,2.9,0,34.6,26.9,0,,,,
25/8/2018,5,3213,287.51001,0,2.9,0,0,27.6,0,,,,
27/8/2018,13,3225.620117,289.779999,0,2.9,0,0,29.1,0,,,,
28/8/2018,10,3247.550049,289.920013,0,2.9,0,0,28.6,0,,,,
29/8/2018,14,3243.919922,291.480011,0,2.9,0,0,28.2,0,,,,
30/8/2018,14,3225.719971,290.299988,85,2.9,0,6,28.2,0,,,,
31/8/2018,10,3213.47998,290.309998,0,2.9,0,0.2,28,0,,,,
1/9/2018,3,3213.47998,290.309998,100,2.9,0,0,28.1,0,,,,
3/9/2018,7,3207.199951,290.309998,0,2.9,0,2.6,27.7,0,,,,
4/9/2018,11,3210.51001,289.809998,86,2.9,0,27.8,26,0,,,,
5/9/2018,15,3156.280029,289.029999,0,2.9,0,0,27.5,0,,,,
6/9/2018,7,3147.689941,288.160004,0,2.9,0,0,28.3,0,,,,
7/9/2018,7,3134.389893,287.600006,0,2.9,0,6,26.7,0,,,,
8/9/2018,4,3134.389893,287.600006,200,2.9,0,45,26.7,0,,,,
10/9/2018,8,3120.919922,288.100006,252,2.9,0,2.4,27.3,0,,,,
11/9/2018,9,3109.909912,289.049988,0,2.9,0,1,26.5,0,,,,
12/9/2018,7,3124.649902,289.119995,85,2.9,0,0,27.6,0,,,,
13/9/2018,11,3131.77002,290.829987,85,2.9,0,0,29,0,,,,
14/9/2018,15,3161.419922,290.880005,87,2.9,0,0,29,0,,,,
15/9/2018,5,3161.419922,290.880005,99,2.9,0,0,28.7,0,,,,
17/9/2018,14,3141.399902,289.339996,0,2.9,0,0,28.9,0,,,,
18/9/2018,20,3139.340088,290.910004,0,2.9,0,1.2,27.6,0,,,,
19/9/2018,16,3176.570068,291.220001,85,2.9,0,0.2,27.3,0,,,,
20/9/2018,10,3180.429932,293.579987,86,2.9,0,3.6,26.8,0,,,,
21/9/2018,12,3217.679932,291.98999,88,2.9,0,26,26.5,0,,,,
22/9/2018,4,3217.679932,291.98999,0,2.9,0,5.6,27.1,0,,,,
24/9/2018,22,3219.159912,291.019989,86,2.9,0,0,28.9,0,,,,
25/9/2018,13,3236.080078,290.75,0,2.9,0,0,29,0,,,,
26/9/2018,12,3239.100098,289.880005,0,2.9,0,0,28.7,0,,,,
27/9/2018,13,3236.26001,290.690002,0,2.9,0,0,29.4,0,,,,
28/9/2018,14,3257.050049,290.720001,88,2.9,0,0,29.5,0,,,,
29/9/2018,2,3257.050049,290.720001,0,2.9,0,0,29.3,0,,,,
1/10/2018,8,3255.459961,291.730011,0,3,0,0,29.5,0,,,,
2/10/2018,16,3242.649902,291.559998,55,3,0,0,29.5,0,,,,
3/10/2018,6,3267.399902,291.720001,0,3,0,0,29.7,0,,,,
4/10/2018,8,3231.590088,289.440002,110,3,0,0,30.1,0,,,,
5/10/2018,11,3209.790039,287.820007,59,3,0,0,29.9,0,,,,
6/10/2018,0,3209.790039,287.820007,0,3,0,8.8,28.3,0,,,,
8/10/2018,5,3181.449951,287.820007,57,3,0,4.8,27.4,0,,,,
9/10/2018,15,3166.600098,287.399994,0,3,0,45.4,26.8,0,,,,
10/10/2018,10,3131.47998,278.299988,0,3,0,60.6,26.5,0,,,,
11/10/2018,12,3047.389893,272.170013,0,3,0,1.2,27,0,,,,
12/10/2018,9,3069.169922,275.950012,60,3,0,58.8,26.2,0,,,,
13/10/2018,5,3069.169922,275.950012,67,3,0,2.4,26.6,0,,,,
15/10/2018,14,3045.969971,274.399994,0,3,0,0,28,0,,,,
16/10/2018,13,3034.310059,280.399994,0,3,0,0,27.8,0,,,,
17/10/2018,11,3071.100098,280.450012,0,3,0,8.2,27.4,0,,,,
18/10/2018,13,3069.669922,276.399994,0,3,0,4.6,26.9,0,,,,
19/10/2018,13,3062.51001,276.25,60,3,0,4.8,28.2,0,,,,
20/10/2018,3,3062.51001,276.25,0,3,0,9.2,28.8,0,,,,
22/10/2018,9,3078.060059,275.01001,112,3,0,0,28.7,0,,,,
23/10/2018,10,3031.389893,273.609985,56,3,0,0,27.9,0,,,,
24/10/2018,7,3032.080078,265.320007,0,3,0,0.8,27.5,0,,,,
25/10/2018,17,3012.840088,270.079987,0,3,0,0,27.4,0,,,,
26/10/2018,10,2972.02002,265.329987,0,3,0,0,28.6,0,,,,
27/10/2018,6,2972.02002,265.329987,58,3,0,3.6,27.6,0,,,,
29/10/2018,11,2981.540039,263.859985,200,3,0,0.4,27.9,0,,,,
30/10/2018,12,2966.449951,267.769989,108,3,0,0.4,28.3,0,,,,
31/10/2018,11,3018.800049,270.630005,108,3,0,0,27.6,0,,,,
1/11/2018,12,3060.850098,273.51001,0,3,0,0.2,26.4,0,,,,
2/11/2018,10,3116.389893,271.890015,0,3,0,7.8,26.8,0,,,,
3/11/2018,4,3116.389893,271.890015,0,3,0,0.4,27.5,0,,,,
5/11/2018,4,3060.620117,273.390015,0,3,0,0.4,27.8,0,,,,
7/11/2018,13,3065.360107,281.01001,80,3,0,12,27.7,0,,,,
8/11/2018,20,3093.23999,280.5,82,3,0,5.4,27.5,0,,,,
9/11/2018,13,3077.969971,277.76001,0,3,0,1.6,26.8,0,,,,
10/11/2018,1,3077.969971,277.76001,95,3,0,0,27.6,0,,,,
12/11/2018,4,3068.149902,272.570007,0,3,0,12.4,27.5,0,,,,
13/11/2018,9,3053.600098,272.059998,82,3,0,2.4,27.1,0,,,,
14/11/2018,12,3043.189941,270.200012,170,3,0,2,27.7,0,,,,
15/11/2018,11,3054.530029,273.019989,84,3,0,4.6,26.6,0,,,,
16/11/2018,10,3083.600098,273.730011,89,3,0,0.8,27.6,0,,,,
17/11/2018,2,3083.600098,273.730011,100,3,0,18.4,27.2,0,,,,
19/11/2018,14,3065.070068,269.100006,84,3,0,20.6,26.9,0,,,,
20/11/2018,10,3026.98999,264.119995,0,3,0,4,27.7,0,,,,
21/11/2018,10,3038.649902,265.019989,0,3,0,13.2,26.4,0,,,,
22/11/2018,16,3041.379883,265.019989,0,3,0,2,26.9,0,,,,
23/11/2018,18,3052.48999,263.25,0,3,0,4,27.5,0,,,,
24/11/2018,2,3052.48999,263.25,99,3,0,0,28.2,0,,,,
26/11/2018,4,3093.379883,267.5,0,3,0,14.4,27.5,0,,,,
27/11/2018,15,3090.399902,268.399994,84,3,0,9.6,26.6,0,,,,
28/11/2018,12,3094.47998,274.579987,0,3,0,0,28.2,0,,,,
29/11/2018,15,3109.439941,273.980011,85,3,0,5.6,28,0,,,,
30/11/2018,10,3117.610107,275.649994,88,3,0,7.6,27.3,0,,,,
1/12/2018,5,3117.610107,275.649994,58,3,0,7,27,0,,,,
3/12/2018,6,3190.620117,279.299988,98,3,0,2.6,26.9,0,,,,
4/12/2018,11,3167.790039,270.25,0,3,0,0,27.8,0,,,,
5/12/2018,10,3155.919922,270.25,0,3,0,2.8,27.6,0,,,,
6/12/2018,12,3115.52002,269.839996,97,3,0,4.6,27.1,0,,,,
7/12/2018,12,3111.120117,263.570007,0,3,0,1,27.4,0,,,,
8/12/2018,1,3111.120117,263.570007,0,3,0,0,28.1,0,,,,
10/12/2018,14,3072.439941,264.070007,100,3,0,0.2,27.4,0,,,,
11/12/2018,14,3059.280029,264.130005,0,3,0,33.2,26.6,0,,,,
12/12/2018,6,3099.98999,265.459991,0,3,0,0.2,27.3,0,,,,
13/12/2018,12,3111.080078,265.369995,0,3,0,0,26.5,0,,,,
14/12/2018,2,3077.090088,260.470001,0,3,0,0,26.9,0,,,,
15/12/2018,1,3077.090088,260.470001,0,3,0,0,27.2,0,,,,
17/12/2018,4,3114.25,255.360001,0,3,0,0,27.3,0,,,,
18/12/2018,12,3045.540039,255.080002,0,3,0,0.2,27.9,0,,,,
19/12/2018,8,3058.649902,251.259995,104,3,0,0.2,28,0,,,,
20/12/2018,11,3050.620117,247.169998,53,3,0,15.6,27.4,0,,,,
21/12/2018,9,3046.040039,240.699997,0,3,0,3.2,27.5,0,,,,
22/12/2018,7,3046.040039,240.699997,0,3,0,0,28.1,0,,,,
24/12/2018,8,3051.060059,234.339996,0,3,0,0,28.1,0,,,,
26/12/2018,10,3011.149902,246.179993,0,3,0,0.2,28.6,0,,,,
27/12/2018,8,3044.73999,248.070007,0,3,0,0,27.9,0,,,,
28/12/2018,11,3053.429932,247.75,0,3,0,0,29.2,0,,,,
29/12/2018,3,3053.429932,247.75,0,3,0,0,28.4,0,,,,
31/12/2018,11,3068.76001,249.919998,54,3,0,39.2,27.1,0,,,,
2/1/2019,17,3038.889893,250.179993,0,3.1,0,0,29.1,0,,,,
3/1/2019,11,3012.879883,244.210007,49,3.1,0,0,29.6,0,,,,
4/1/2019,15,3059.22998,252.389999,0,3.1,0,0,29.7,0,,,,
5/1/2019,2,3059.22998,252.389999,0,3.1,0,0,28,0,,,,
7/1/2019,12,3102.800049,254.380005,0,3.1,0,0,28.9,0,,,,
8/1/2019,19,3122.939941,256.769989,96,3.1,0,0.6,28.2,0,,,,
9/1/2019,13,3158.070068,257.970001,0,3.1,0,0,28.5,0,,,,
10/1/2019,12,3183.51001,258.880005,49,3.1,0,0,28.6,0,,,,
11/1/2019,11,3198.649902,258.980011,0,3.1,0,5.8,27.9,0,,,,
12/1/2019,4,3198.649902,258.980011,0,3.1,0,0,28.1,0,,,,
14/1/2019,6,3173.459961,257.399994,0,3.1,0,0,27.9,0,,,,
15/1/2019,9,3212.300049,260.350006,0,3.1,0,0,28.3,0,,,,
16/1/2019,10,3229.110107,260.980011,49,3.1,0,0,28.1,0,,,,
17/1/2019,7,3214.439941,262.959991,96,3.1,0,16.2,26.9,0,,,,
18/1/2019,17,3224.340088,266.459991,100,3.1,0,38.2,25.8,0,,,,
19/1/2019,0,3224.340088,266.459991,0,3.1,0,0,27.2,0,,,,
21/1/2019,9,3220.560059,266.459991,0,3.1,0,1.4,27.8,0,,,,
22/1/2019,9,3192.709961,262.859985,48,3.1,0,0,27.6,0,,,,
23/1/2019,13,3171.110107,263.410004,46,3.1,0,0.2,28,0,,,,
24/1/2019,11,3190.72998,263.549988,47,3.1,0,0,27.6,0,,,,
25/1/2019,7,3202.25,265.779999,49,3.1,0,0.4,27.2,0,,,,
26/1/2019,1,3202.25,265.779999,0,3.1,0,0,27.4,0,,,,
28/1/2019,17,3199.5,263.76001,48,3.1,0,0.6,26.8,0,,,,
29/1/2019,15,3187.689941,263.410004,0,3.1,0,0.2,27.8,0,,,,
30/1/2019,18,3174.379883,267.579987,0,3.1,0,0,27.8,0,,,,
31/1/2019,16,3190.169922,269.929993,0,3.1,0,0,27.6,0,,,,
1/2/2019,20,3188.679932,270.059998,41,3.1,0,0,28.1,0,,,,
2/2/2019,2,3188.679932,270.059998,48,3.1,0,0.2,28.2,0,,,,
4/2/2019,13,3184.560059,271.959991,47,3.1,0,0,28.7,0,,,,
7/2/2019,14,3200.639893,270.140015,0,3.1,0,0,28.1,0,,,,
8/2/2019,15,3202.040039,270.470001,42,3.1,0,0,28.7,0,,,,
9/2/2019,4,3202.040039,270.470001,46,3.1,0,0,28.8,0,,,,
11/2/2019,18,3206.27002,270.619995,0,3.1,0,0,27.7,0,,,,
12/2/2019,14,3201.149902,274.100006,0,3.1,0,0,28.3,0,,,,
13/2/2019,19,3244.77002,274.98999,0,3.1,0,0,28.8,0,,,,
14/2/2019,13,3253.159912,274.380005,0,3.1,0,0,28.5,0,,,,
15/2/2019,20,3239.73999,277.369995,0,3.1,0,0,27.9,0,,,,
16/2/2019,5,3239.73999,277.369995,0,3.1,0,0,28.2,0,,,,
17/2/2019,1,3239.73999,277.369995,0,3.1,0,9.2,27.2,0,,,,
18/2/2019,20,3265.969971,277.369995,37,3.1,0,8.6,26.8,0,,,,
19/2/2019,19,3259.800049,277.850006,0,3.1,0,13.4,28,0,,,,
20/2/2019,19,3278.379883,278.410004,0,3.1,0,0,28.2,0,,,,
21/2/2019,13,3277.909912,277.420013,75,3.1,0,0,28.6,0,,,,
22/2/2019,12,3269.899902,279.140015,38,3.1,0,0,28.6,0,,,,
23/2/2019,5,3269.899902,279.140015,0,3.1,0,0,28.3,0,,,,
25/2/2019,16,3272.350098,279.519989,0,3.1,0,0,28.6,0,,,,
26/2/2019,18,3261.659912,279.320007,151,3.1,0,0,28.7,0,,,,
27/2/2019,15,3250.02002,279.200012,76,3.1,0,0.2,28,0,,,,
28/2/2019,26,3212.689941,278.679993,38,3.1,0,0,28.3,0,,,,
1/3/2019,11,3220.399902,280.420013,46,3.1,0,0,28.5,0,,,,
2/3/2019,3,3220.399902,280.420013,0,3.1,0,0,28.4,0,,,,
4/3/2019,20,3251.080078,279.399994,0,3.1,0,0,28.1,0,,,,
5/3/2019,15,3234.070068,279.019989,0,3.1,0,0,28.8,0,,,,
6/3/2019,10,3222.840088,277.329987,0,3.1,0,0,28.5,0,,,,
7/3/2019,16,3229.47998,275.01001,0,3.1,0,0,29.4,0,,,,
8/3/2019,14,3195.870117,274.459991,45,3.1,0,0,29.3,0,,,,
9/3/2019,5,3195.870117,274.459991,51,3.1,0,0,29.2,0,,,,
11/3/2019,12,3191.419922,278.440002,0,3.1,0,25.8,27.4,0,,,,
12/3/2019,14,3212.25,279.48999,0,3.1,0,1.2,28.2,0,,,,
13/3/2019,17,3195.590088,281.339996,0,3.1,0,0,28.9,0,,,,
14/3/2019,14,3197.919922,281.160004,0,3.1,0,0,28.9,0,,,,
15/3/2019,14,3200.179932,281.309998,0,3.1,0,0,28.8,0,,,,
16/3/2019,5,3200.179932,281.309998,0,3.1,0,0,28.7,0,,,,
18/3/2019,9,3212.959961,282.329987,0,3.1,0,0,28.7,0,,,,
19/3/2019,13,3220.919922,282.399994,0,3.1,0,0,28.9,0,,,,
20/3/2019,19,3207.659912,281.549988,44,3.1,0,0,29.3,0,,,,
21/3/2019,15,3213.649902,284.730011,0,3.1,0,8.8,28,0,,,,
22/3/2019,13,3212.100098,279.25,0,3.1,0,0,28.7,0,,,,
23/3/2019,1,3212.100098,279.25,0,3.1,0,0,29.3,0,,,,
25/3/2019,11,3182.919922,279.040009,44,3.1,0,6.6,28.6,0,,,,
26/3/2019,10,3200.280029,281.119995,0,3.1,0,0.8,29.6,0,,,,
27/3/2019,13,3198.389893,279.649994,90,3.1,0,0,30,0,,,,
28/3/2019,12,3203.580078,280.709991,44,3.1,0,29,27.9,0,,,,
29/3/2019,9,3212.879883,282.480011,47,3.1,0,0,28.8,0,,,,
30/3/2019,2,3212.879883,282.480011,0,3.1,0,0,27.6,0,,,,
1/4/2019,14,3250.51001,285.829987,0,3.1,0,26,27.2,0,,,,
2/4/2019,9,3279.780029,285.970001,0,3.1,0,0,28.1,0,,,,
3/4/2019,14,3311.27002,286.420013,0,3.1,0,31,26.7,0,,,,
4/4/2019,10,3316.209961,287.179993,0,3.1,0,0,28.5,0,,,,
5/4/2019,19,3322.639893,288.570007,0,3.1,0,0,28.9,0,,,,
6/4/2019,2,3322.639893,288.570007,59,3.1,0,0,28.6,0,,,,
8/4/2019,12,3315.419922,288.790009,0,3.1,0,0,29,0,,,,
9/4/2019,17,3325.600098,287.309998,100,3.1,0,0,29.3,0,,,,
10/4/2019,11,3327.649902,288.290009,0,3.1,0,6,28.2,0,,,,
11/4/2019,14,3330.820068,288.209991,50,3.1,0,31.2,27.4,0,,,,
12/4/2019,13,3331.97998,290.160004,54,3.1,0,0,28.5,0,,,,
13/4/2019,4,3331.97998,290.160004,60,3.1,0,0,29.2,0,,,,
15/4/2019,10,3325.860107,289.970001,52,3.1,0,0.2,29.1,0,,,,
16/4/2019,12,3332.040039,290.160004,50,3.1,0,0,29.9,0,,,,
17/4/2019,20,3348.639893,289.450012,0,3.1,0,0,30.1,0,,,,
18/4/2019,16,3347.580078,290.019989,0,3.1,0,0,30,0,,,,
19/4/2019,3,3347.580078,290.019989,0,3.1,1,0,29,0,,,,
20/4/2019,9,3347.580078,290.019989,0,3.1,0,21.2,27.7,0,,,,
22/4/2019,12,3357.699951,290.269989,0,3.1,0,0,29.2,0,,,,
23/4/2019,16,3353.469971,292.880005,0,3.1,0,0,28.7,0,,,,
24/4/2019,13,3362.429932,292.230011,50,3.1,0,0,28.9,0,,,,
25/4/2019,12,3350.280029,292.049988,49,3.1,0,0,29.2,0,,,,
26/4/2019,11,3356.949951,293.410004,51,3.1,0,52.4,26.3,0,,,,
27/4/2019,6,3356.949951,293.410004,0,3.1,0,6.2,27.6,0,,,,
29/4/2019,6,3407.02002,293.869995,0,3.1,0,0,29.5,0,,,,
30/4/2019,10,3400.199951,294.019989,51,3.1,0,0,28.2,0,,,,
1/5/2019,0,3400.199951,291.809998,48,3.1,1,0,29.4,0,,,,
2/5/2019,18,3393.330078,291.179993,0,3.1,0,3.8,28.9,0,,,,
3/5/2019,18,3392.290039,294.029999,0,3.1,0,0,29.4,0,,,,
4/5/2019,2,3392.290039,294.029999,0,3.1,0,0.2,29.2,0,,,,
6/5/2019,18,3290.620117,292.820007,0,3.1,0,0,30.7,0,,,,
7/5/2019,15,3312.52002,287.929993,0,3.1,0,0,30.3,0,,,,
8/5/2019,15,3283.840088,287.529999,0,3.1,0,15.4,27.4,0,,,,
9/5/2019,9,3269.699951,286.660004,0,3.1,0,0,30,0,,,,
10/5/2019,10,3273.5,288.100006,0,3.1,0,5.6,29.5,0,,,,
11/5/2019,1,3273.5,288.100006,0,3.1,0,11,28.7,0,,,,
13/5/2019,11,3234.280029,280.859985,0,3.1,0,0,29.4,0,,,,
14/5/2019,7,3223.709961,283.399994,88,3.1,0,0.2,29.5,0,,,,
15/5/2019,10,3218.77002,285.059998,0,3.1,0,0.8,29.5,0,,,,
16/5/2019,8,3230.26001,287.700012,176,3.1,0,0,29.2,0,,,,
17/5/2019,12,3205.459961,285.839996,47,3.1,0,17.2,28.3,0,,,,
18/5/2019,1,3205.459961,285.839996,0,3.1,0,0,29.1,0,,,,
20/5/2019,1,3205.459961,283.950012,0,3.1,1,0,29,0,,,,
21/5/2019,19,3183.26001,286.51001,45,3.1,0,6,28.4,0,,,,
22/5/2019,14,3183.139893,285.630005,0,3.1,0,0,28.4,0,,,,
23/5/2019,14,3160.719971,282.140015,0,3.1,0,0,29.6,0,,,,
24/5/2019,9,3169.889893,282.779999,44,3.1,0,0,30.1,0,,,,
25/5/2019,1,3169.889893,282.779999,150,3.1,0,0,29.5,0,,,,
27/5/2019,11,3170.77002,282.779999,88,3.1,0,0,29.7,0,,,,
28/5/2019,5,3165.320068,280.149994,0,3.1,0,0,30.1,0,,,,
29/5/2019,17,3163.280029,278.269989,44,3.1,0,0,29.9,0,,,,
30/5/2019,16,3143,279.029999,0,3.1,0,5,28.2,0,,,,
31/5/2019,12,3117.76001,275.269989,0,3.1,0,0.4,29,0,,,,
1/6/2019,4,3117.76001,275.269989,0,3.1,0,0,28.3,0,,,,
3/6/2019,14,3123.459961,274.570007,0,3.1,0,37.6,26.9,0,,,,
4/6/2019,16,3142.370117,280.529999,0,3.1,0,0,28.3,0,,,,
6/6/2019,14,3146.179932,284.799988,0,3.1,0,4,27.1,0,,,,
7/6/2019,16,3166.290039,287.649994,50,3.1,0,10.6,26.1,0,,,,
8/6/2019,1,3166.290039,287.649994,0,3.1,0,0.6,27.4,0,,,,
10/6/2019,8,3188.110107,288.970001,0,3.1,0,0,30,0,,,,
11/6/2019,15,3209.580078,288.899994,48,3.1,0,0,29.9,0,,,,
12/6/2019,9,3207.73999,288.390015,48,3.1,0,18.2,27.2,0,,,,
13/6/2019,6,3220.659912,289.579987,49,3.1,0,2.8,28.7,0,,,,
14/6/2019,18,3222.629883,289.26001,100,3.1,0,5,28.9,0,,,,
15/6/2019,1,3222.629883,289.26001,0,3.1,0,0,28.7,0,,,,
17/6/2019,11,3207.98999,289.369995,0,3.1,0,0,29.2,0,,,,
18/6/2019,10,3238.72998,292.399994,49,3.1,0,9.8,27.1,0,,,,
19/6/2019,12,3288.169922,293.059998,0,3.1,0,1.4,27.9,0,,,,
20/6/2019,16,3314.51001,295.859985,0,3.1,0,4.4,28.6,0,,,,
21/6/2019,10,3321.399902,294,0,3.1,0,28,27.8,0,,,,
22/6/2019,3,3321.399902,294,0,3.1,0,18.6,26.8,0,,,,
24/6/2019,14,3311.530029,293.640015,0,3.1,0,0.6,28.9,0,,,,
25/6/2019,14,3304.27002,290.76001,49,3.1,0,0,29.5,0,,,,
26/6/2019,13,3301.25,290.470001,0,3.1,0,0,28.3,0,,,,
27/6/2019,9,3328.600098,291.5,46,3.1,0,0,29.2,0,,,,
28/6/2019,10,3321.610107,293,0,3.1,0,0,29.6,0,,,,
29/6/2019,2,3321.610107,293,0,3.1,0,18.4,28.6,0,,,,
30/6/2019,1,3321.610107,293,55,3.1,0,0,28.8,0,,,,
1/7/2019,17,3372.26001,295.660004,0,3.2,0,0,29.4,0,,,,
2/7/2019,18,3370.800049,296.429993,0,3.2,0,0,29.7,0,,,,
3/7/2019,13,3367.800049,298.799988,0,3.2,0,0.2,28.7,0,,,,
4/7/2019,17,3372.25,298.799988,48,3.2,0,0,29.3,0,,,,
5/7/2019,10,3366.810059,298.459991,48,3.2,0,0,29.5,0,,,,
6/7/2019,1,3366.810059,298.459991,0,3.2,0,0.2,29.3,0,,,,
8/7/2019,8,3334.22998,296.820007,94,3.2,0,1.2,28.2,0,,,,
9/7/2019,21,3329.459961,297.190002,96,3.2,0,0.6,27.9,0,,,,
10/7/2019,18,3340.419922,298.609985,0,3.2,0,0,29.4,0,,,,
11/7/2019,4,3350.449951,299.309998,0,3.2,0,0,29.6,0,,,,
12/7/2019,8,3357.340088,300.649994,49,3.2,0,0,29.2,0,,,,
13/7/2019,4,3357.340088,300.649994,55,3.2,0,0,29.4,0,,,,
15/7/2019,12,3347.949951,300.75,48,3.2,0,2,27.2,0,,,,
16/7/2019,18,3360.030029,299.779999,0,3.2,0,0.6,28.7,0,,,,
17/7/2019,16,3364.870117,297.73999,48,3.2,0,0,29.1,0,,,,
18/7/2019,10,3361.050049,298.829987,49,3.2,0,0,29.3,0,,,,
19/7/2019,12,3377.959961,297.170013,100,3.2,0,0,29.2,0,,,,
20/7/2019,6,3377.959961,297.170013,112,3.2,0,0,29.4,0,,,,
21/7/2019,1,3377.959961,297.170013,110,3.2,0,0,28.8,0,,,,
22/7/2019,20,3357.219971,297.899994,0,3.2,0,0,28.4,0,,,,
23/7/2019,13,3373.129883,300.029999,0,3.2,0,6.6,27.6,0,,,,
24/7/2019,13,3368.439941,301.440002,99,3.2,0,0,28.9,0,,,,
25/7/2019,13,3381.26001,300,0,3.2,0,0,29.1,0,,,,
26/7/2019,18,3363.76001,302.01001,100,3.2,0,0,29.1,0,,,,
27/7/2019,2,3363.76001,302.01001,0,3.2,0,0,29.3,0,,,,
29/7/2019,8,3346.389893,301.459991,0,3.2,0,0,29.7,0,,,,
30/7/2019,8,3350.540039,300.720001,49,3.2,0,0,29.4,0,,,,
31/7/2019,13,3300.75,297.429993,48,3.2,0,0,29.4,0,,,,
1/8/2019,14,3291.75,294.839996,100,3.2,0,0,29.4,0,,,,
2/8/2019,17,3261.110107,292.619995,0,3.2,0,0,29.5,0,,,,
5/8/2019,15,3194.51001,283.820007,0,3.2,0,0,29.3,0,,,,
6/8/2019,11,3170.469971,287.799988,0,3.2,0,1.6,29.1,0,,,,
7/8/2019,14,3184.689941,287.970001,0,3.2,0,2.4,28.7,0,,,,
8/8/2019,21,3168.939941,293.619995,0,3.2,0,0,29.2,0,,,,
9/8/2019,1,3168.939941,291.619995,58,3.2,1,0,29.2,0,,,,
10/8/2019,5,3168.939941,291.619995,0,3.2,0,0,29.2,0,,,,
13/8/2019,15,3146.72998,292.549988,49,3.2,0,0,29.5,0,,,,
14/8/2019,10,3147.600098,283.899994,0,3.2,0,0,29.3,0,,,,
15/8/2019,14,3126.090088,284.649994,0,3.2,0,0,29.5,0,,,,
16/8/2019,11,3115.030029,288.850006,51,3.2,0,0,29.8,0,,,,
17/8/2019,6,3115.030029,288.850006,0,3.2,0,0,29.5,0,,,,
19/8/2019,17,3128.449951,292.329987,49,3.2,0,0,29.5,0,,,,
20/8/2019,12,3135.949951,290.089996,0,3.2,0,0,29.5,0,,,,
21/8/2019,13,3122.570068,292.450012,0,3.2,0,0,29.4,0,,,,
22/8/2019,18,3127.73999,292.359985,50,3.2,0,0,29.4,0,,,,
23/8/2019,22,3110.350098,284.850006,0,3.2,0,0,29.6,0,,,,
24/8/2019,9,3110.350098,284.850006,0,3.2,0,0,29.4,0,,,,
26/8/2019,14,3065.330078,288,149,3.2,0,2.2,27.8,0,,,,
27/8/2019,12,3067.52002,286.869995,0,3.2,0,1.2,27,0,,,,
28/8/2019,12,3056.469971,288.890015,0,3.2,0,0.6,26.8,0,,,,
29/8/2019,15,3081.830078,292.579987,50,3.2,0,0,28.9,0,,,,
30/8/2019,15,3106.52002,292.450012,0,3.2,0,0,28.9,0,,,,
31/8/2019,4,3106.52002,292.450012,0,3.2,0,0,29.1,0,,,,
2/9/2019,12,3082.959961,292.450012,0,3.2,0,0,29.7,0,,,,
3/9/2019,8,3090.629883,290.73999,43,3.2,0,0,29.5,0,,,,
4/9/2019,12,3130.570068,294.040009,42,3.2,0,0,29.3,0,,,,
5/9/2019,16,3147.060059,297.820007,0,3.2,0,0,29.4,0,,,,
6/9/2019,16,3144.47998,298.049988,44,3.2,0,0,29.3,0,,,,
7/9/2019,5,3144.47998,298.049988,49,3.2,0,0,29.5,0,,,,
9/9/2019,17,3146.330078,298.200012,43,3.2,0,0,29.5,0,,,,
10/9/2019,19,3155.709961,298.130005,0,3.2,0,0,29.3,0,,,,
11/9/2019,18,3204.52002,300.25,0,3.2,0,0,29.4,0,,,,
12/9/2019,12,3194.959961,301.290009,86,3.2,0,0,29.4,0,,,,
13/9/2019,11,3211.48999,301.089996,89,3.2,0,0,29.3,0,,,,
14/9/2019,3,3211.48999,301.089996,47,3.2,0,0,28.6,0,,,,
16/9/2019,22,3203.929932,300.160004,43,3.2,0,0,29,0,,,,
17/9/2019,18,3183,300.920013,42,3.2,0,0,29.2,0,,,,
18/9/2019,21,3166.840088,301.100006,41,3.2,0,0,29.3,0,,,,
19/9/2019,21,3158.800049,301.079987,0,3.2,0,0,29.4,0,,,,
20/9/2019,12,3159.679932,298.279999,43,3.2,0,0,29.1,0,,,,
21/9/2019,5,3159.679932,298.279999,0,3.2,0,0,29.4,0,,,,
23/9/2019,11,3143.23999,298.209991,0,3.2,0,3.8,28.3,0,,,,
24/9/2019,25,3155.459961,295.869995,42,3.2,0,1.2,29,0,,,,
25/9/2019,12,3125.820068,297.619995,0,3.2,0,16.4,26.8,0,,,,
26/9/2019,20,3125.810059,297,0,3.2,0,0,28.5,0,,,,
27/9/2019,17,3125.629883,295.399994,0,3.2,0,0,29.2,0,,,,
28/9/2019,6,3125.629883,295.399994,150,3.2,0,0,28.9,0,,,,
30/9/2019,26,3119.98999,296.769989,0,3.2,0,1.4,27.5,0,,,,
1/10/2019,15,3146.030029,293.23999,0,3.2,0,1.6,28,0,,,,
2/10/2019,20,3103.449951,288.059998,50,3.2,0,4,26.4,0,,,,
3/10/2019,23,3087.969971,290.420013,52,3.2,0,0,27.2,0,,,,
4/10/2019,18,3078.360107,294.350006,52,3.2,0,0.8,28.1,0,,,,
5/10/2019,2,3078.360107,294.350006,0,3.2,0,0.6,28.6,0,,,,
7/10/2019,22,3099.47998,293.079987,50,3.2,0,12.4,27.3,0,,,,
8/10/2019,25,3110.850098,288.529999,51,3.2,0,0,27.9,0,,,,
9/10/2019,15,3089.899902,291.269989,100,3.2,0,0,28,0,,,,
10/10/2019,12,3089.47998,293.23999,0,3.2,0,0,28.6,0,,,,
11/10/2019,23,3113.969971,296.279999,50,3.2,0,0,28.9,0,,,,
12/10/2019,8,3113.969971,296.279999,0,3.2,0,0.2,28.7,0,,,,
14/10/2019,24,3124.449951,295.950012,94,3.2,0,0,29.2,0,,,,
15/10/2019,20,3116.169922,298.880005,0,3.2,0,0,28.9,0,,,,
16/10/2019,14,3134.709961,298.399994,147,3.2,0,1.6,29,0,,,,
17/10/2019,11,3126.139893,299.279999,0,3.2,0,0.2,28.8,0,,,,
18/10/2019,7,3114.159912,297.970001,0,3.2,0,0,28.5,0,,,,
19/10/2019,5,3114.159912,297.970001,0,3.2,0,0,29.2,0,,,,
21/10/2019,17,3139.149902,299.98999,0,3.2,0,0,28.5,0,,,,
22/10/2019,19,3160.669922,299.01001,0,3.2,0,28.8,26.5,0,,,,
23/10/2019,28,3144.280029,299.880005,49,3.2,0,0.6,27.4,0,,,,
24/10/2019,16,3168.870117,300.369995,100,3.2,0,0,28.1,0,,,,
25/10/2019,19,3185.530029,301.600006,0,3.2,0,0,29.4,0,,,,
26/10/2019,1,3185.530029,301.600006,59,3.2,0,4.8,27.3,0,,,,
28/10/2019,1,3185.530029,303.299988,0,3.2,1,15.2,26.1,0,,,,
29/10/2019,22,3197.040039,303.209991,0,3.2,0,0,28.5,0,,,,
30/10/2019,22,3207.919922,304.140015,49,3.2,0,0,28.3,0,,,,
31/10/2019,27,3229.879883,303.329987,0,3.2,0,0,28.4,0,,,,
1/11/2019,20,3229.429932,306.140015,0,3.2,0,14.8,27.8,0,,,,
2/11/2019,3,3229.429932,306.140015,59,3.2,0,0,29.3,0,,,,
4/11/2019,20,3236.399902,307.369995,0,3.2,0,3.8,28.6,0,,,,
5/11/2019,16,3248.629883,307.029999,0,3.2,0,0,28.2,0,,,,
6/11/2019,22,3262.689941,307.100006,0,3.2,0,0.2,29.4,0,,,,
7/11/2019,12,3285.719971,308.179993,51,3.2,0,0,29.9,0,,,,
8/11/2019,16,3264.300049,308.940002,52,3.2,0,1.4,28.2,0,,,,
9/11/2019,4,3264.300049,308.940002,0,3.2,0,0,28.2,0,,,,
11/11/2019,15,3240.649902,308.350006,0,3.2,0,0,29.1,0,,,,
12/11/2019,18,3267.800049,309,200,3.2,0,0,28.7,0,,,,
13/11/2019,13,3239.219971,309.100006,0,3.2,0,0,29,0,,,,
14/11/2019,16,3231.850098,309.549988,99,3.2,0,0,27.6,0,,,,
15/11/2019,18,3238.860107,311.790009,0,3.2,0,1.2,27.2,0,,,,
16/11/2019,5,3238.860107,311.790009,0,3.2,0,0,28.4,0,,,,
18/11/2019,21,3258.659912,312.019989,49,3.2,0,0.2,28.4,0,,,,
19/11/2019,20,3238.870117,311.929993,0,3.2,0,0,28,0,,,,
20/11/2019,15,3229.780029,310.769989,51,3.2,0,4,26.3,0,,,,
21/11/2019,19,3192.209961,310.269989,100,3.2,0,0.8,26.5,0,,,,
22/11/2019,21,3225.649902,310.959991,0,3.2,0,0.4,26.4,0,,,,
23/11/2019,1,3225.649902,310.959991,0,3.2,0,0.4,26.7,0,,,,
24/11/2019,1,3225.649902,310.959991,171,3.2,0,16.6,26.6,0,,,,
25/11/2019,16,3220.629883,313.369995,0,3.2,0,0,27.8,0,,,,
26/11/2019,16,3207.850098,314.079987,102,3.2,0,0,28.5,0,,,,
27/11/2019,16,3215.530029,315.480011,0,3.2,0,1.8,27.5,0,,,,
28/11/2019,13,3200.610107,315.480011,0,3.2,0,9,27.8,0,,,,
29/11/2019,12,3193.919922,314.309998,0,3.2,0,73.4,26.5,0,,,,
30/11/2019,6,3193.919922,314.309998,0,3.2,0,9.4,27.6,0,,,,
1/12/2019,1,3193.919922,314.309998,56,3.2,0,0,28.3,0,,,,
2/12/2019,24,3187.969971,311.640015,0,3.2,0,59.6,26.7,0,,,,
3/12/2019,14,3173.080078,309.549988,0,3.2,0,0,27.8,0,,,,
4/12/2019,15,3159.790039,311.459991,0,3.2,0,0,28.2,0,,,,
5/12/2019,11,3174.189941,312.019989,200,3.2,0,0,27.6,0,,,,
6/12/2019,14,3194.709961,314.869995,0,3.2,0,0,27.9,0,,,,
7/12/2019,3,3194.709961,314.869995,118,3.2,0,0.2,28,0,,,,
9/12/2019,9,3179.820068,313.880005,50,3.2,0,74.2,24.6,0,,,,
10/12/2019,8,3162.889893,313.529999,52,3.2,0,22.2,25,0,,,,
11/12/2019,28,3172.899902,314.420013,0,3.2,0,33.2,24.1,0,,,,
12/12/2019,13,3194.669922,317.130005,0,3.2,0,3.4,27,0,,,,
13/12/2019,12,3214.050049,317.320007,0,3.2,0,64.2,25.1,0,,,,
14/12/2019,3,3214.050049,317.320007,0,3.2,0,43.8,24.4,0,,,,
16/12/2019,15,3206.090088,319.5,0,3.2,0,0,25.9,0,,,,
17/12/2019,13,3200.800049,319.570007,50,3.2,0,13.4,25.3,0,,,,
18/12/2019,11,3209.540039,319.589996,100,3.2,0,34.8,26.1,0,,,,
19/12/2019,13,3207.419922,320.899994,0,3.2,0,0,26.8,0,,,,
20/12/2019,12,3212.389893,320.730011,0,3.2,0,0,27.3,0,,,,
21/12/2019,1,3212.389893,320.730011,0,3.2,0,3.9,27.2,0,,,,
23/12/2019,16,3214,321.220001,52,3.2,0,2.8,27.4,0,,,,
24/12/2019,8,3221.669922,321.230011,55,3.2,0,0,27.5,0,,,,
26/12/2019,15,3222.98999,322.940002,0,3.2,0,0,27.1,0,,,,
27/12/2019,11,3226.530029,322.859985,0,3.2,0,0,27.7,0,,,,
28/12/2019,5,3226.530029,322.859985,0,3.2,0,0,27.7,0,,,,
30/12/2019,18,3222.439941,321.079987,0,3.2,0,0,28,0,,,,
31/12/2019,16,3222.830078,321.859985,52,3.2,0,0,27.8,0,,,,
2/1/2020,34,3252,324.869995,0,3.3,0,0,27.6,0,,,,
3/1/2020,11,3238.820068,322.410004,0,3.3,0,0,28,0,,,,
4/1/2020,6,3238.820068,322.410004,0,3.3,0,0,27.6,0,,,,
6/1/2020,23,3218.860107,323.640015,57,3.3,0,11,26.4,0,,,,
7/1/2020,21,3247.860107,322.730011,0,3.3,0,4.8,26.1,0,,,,
8/1/2020,19,3245.889893,324.450012,0,3.3,0,0,27.6,0,,,,
9/1/2020,18,3247.47998,326.649994,0,3.3,0,0,27.8,0,,,,
10/1/2020,17,3255.949951,325.709991,0,3.3,0,2.4,27.1,0,,,,
11/1/2020,1,3255.949951,325.709991,0,3.3,0,0,27.4,0,,,,
13/1/2020,23,3251.070068,327.950012,53,3.3,0,0,27.6,0,,,,
14/1/2020,16,3270.540039,327.450012,200,3.3,0,0,27.5,0,,,,
15/1/2020,17,3256.97998,328.190002,0,3.3,0,0,27.9,0,,,,
16/1/2020,19,3278,330.920013,57,3.3,0,0,28,0,,,,
17/1/2020,16,3281.030029,331.950012,0,3.3,0,0,28.1,0,,,,
18/1/2020,8,3281.030029,331.950012,132,3.3,0,0,28.2,0,,,,
20/1/2020,22,3280.090088,331.950012,0,3.3,0,0,28.4,0,,,,
21/1/2020,20,3247.169922,331.299988,0,3.3,0,14.2,26.6,0,,,,
22/1/2020,18,3253.929932,331.339996,0,3.3,0,0,28.2,0,,,,
23/1/2020,14,3234.560059,331.720001,61,3.3,0,0,28.2,1,,,,
24/1/2020,8,3240.02002,328.769989,70,3.3,0,0,28,2,,,,
27/1/2020,1,3240.02002,323.5,0,3.3,1,38,27.8,1,,,,
28/1/2020,14,3181.25,326.890015,118,3.3,0,0,28.6,2,,,,
29/1/2020,9,3182.570068,326.619995,0,3.3,0,18,27,3,,,,
30/1/2020,17,3170.679932,327.679993,0,3.3,0,0,27.2,3,,,,
31/1/2020,28,3153.72998,321.730011,58,3.3,0,0,28.5,3,,,,
1/2/2020,3,3153.72998,321.730011,30,3.3,0,0,28.3,2,,,,
3/2/2020,24,3116.310059,324.119995,48,3.3,0,0,28,0,,,,
4/2/2020,21,3156.570068,329.059998,25,3.3,0,0,27.5,6,,,,
5/2/2020,23,3200.129883,332.859985,0,3.3,0,0,27.8,4,,,,
6/2/2020,22,3231.550049,333.980011,0,3.3,0,0,28.1,2,,,,
7/2/2020,17,3181.47998,332.200012,25,3.3,0,0,28,3,,,,
8/2/2020,2,3181.47998,332.200012,29,3.3,0,0,27.7,7,,,,
10/2/2020,16,3163.149902,334.679993,75,3.3,0,0,27,2,,,,
11/2/2020,15,3175.570068,335.26001,74,3.3,0,23.8,26.9,2,,,,
12/2/2020,15,3223.370117,337.420013,0,3.3,0,0,27.9,3,,,,
13/2/2020,22,3220.090088,337.059998,0,3.3,0,0,28.4,8,,,,
14/2/2020,15,3220.030029,337.600006,52,3.3,0,0,28.4,9,,,,
15/2/2020,7,3220.030029,337.600006,28,3.3,0,0,28.3,5,,,,
17/2/2020,21,3213,337.600006,25,3.3,0,0,28.6,2,,,,
18/2/2020,13,3196.629883,336.730011,50,3.3,0,1.6,26.8,4,,,,
19/2/2020,13,3213.709961,338.339996,100,3.3,0,0.6,28.1,3,,,,
20/2/2020,15,3198.679932,336.950012,75,3.3,0,3.6,27.8,1,,,,
21/2/2020,19,3181.030029,333.480011,0,3.3,0,15.8,27.2,1,,,,
22/2/2020,4,3181.030029,333.480011,58,3.3,0,0.4,28.2,3,,,,
23/2/2020,1,3181.030029,333.480011,28,3.3,0,0,28.1,0,,,,
24/2/2020,18,3142.199951,322.420013,24,3.3,0,4.6,27,1,,,,
25/2/2020,14,3158.23999,312.649994,100,3.3,0,0,28.2,1,,,,
26/2/2020,8,3117.52002,311.5,124,3.3,0,0,28.4,2,,,,
27/2/2020,19,3111.699951,297.51001,50,3.3,0,0,28.3,3,,,,
28/2/2020,15,3011.080078,296.26001,25,3.3,0,0,28.4,2,,,,
29/2/2020,9,3011.080078,296.26001,28,3.3,0,0,28.2,4,,,,
2/3/2020,15,3007.719971,309.089996,46,3.3,0,0,28.3,2,,,,
3/3/2020,22,3019.560059,300.23999,0,3.3,0,0,28.5,2,,,,
4/3/2020,19,3025.030029,312.859985,42,3.3,0,0,28.9,2,,,,
5/3/2020,14,3018.27002,302.459991,114,3.3,0,0,28.2,5,,,,
6/3/2020,19,2960.97998,297.459991,0,3.3,0,0,28.2,13,,,,
7/3/2020,5,2960.97998,297.459991,150,3.3,0,27.6,28,8,,,,
9/3/2020,20,2782.370117,274.230011,0,3.3,0,0,28.4,10,,,,
10/3/2020,17,2832.540039,288.420013,0,3.3,0,0,28.9,6,,,,
11/3/2020,15,2832.540039,274.359985,136,3.3,0,0,29.1,12,,,,
12/3/2020,23,2678.639893,248.110001,44,3.3,0,0,28.9,9,,,,
13/3/2020,26,2678.639893,269.320007,94,3.3,0,0,29.3,13,,,,
14/3/2020,9,2678.639893,269.320007,54,3.3,0,0,29.1,12,,,,
16/3/2020,16,2495.77002,239.850006,44,3.3,0,0.4,29,17,,,,
17/3/2020,17,2454.530029,252.800003,0,3.3,0,0,28.8,23,,,,
18/3/2020,10,2425.620117,240,0,3.3,0,0,29,47,,,,
19/3/2020,11,2311,240.509995,0,3.3,0,0,28.6,32,,,,
20/3/2020,10,2410.73999,228.800003,44,3.3,0,0.2,28.3,40,,,,
21/3/2020,5,2410.73999,228.800003,0,3.3,0,47.4,27.6,47,,,,
23/3/2020,14,2233.47998,222.949997,86,3.3,0,19.8,26.6,54,,,,
24/3/2020,14,2362.050049,243.149994,0,3.3,0,0.2,28.1,49,,,,
25/3/2020,10,2505.469971,246.789993,132,3.3,0,0,28.6,73,,,,
26/3/2020,14,2487.560059,261.200012,129,3.3,0,0,29.3,52,,,,
27/3/2020,14,2528.76001,253.419998,86,3.3,0,0,29.3,49,,,,
28/3/2020,3,2528.76001,253.419998,0,3.3,0,0,29.2,70,,,,
30/3/2020,11,2416.23999,261.649994,84,3.3,0,0,29.1,35,,,,
31/3/2020,8,2481.22998,257.75,42,3.3,0,0,29.5,47,,,,
1/4/2020,9,2440.27002,246.149994,78,3.8,0,0,29.3,74,,,,
2/4/2020,19,2453.030029,251.830002,52,3.8,0,29.6,28.8,49,,,,
3/4/2020,16,2389.290039,248.190002,106,3.8,0,27.4,28.5,65,,,,
4/4/2020,8,2389.290039,248.190002,0,3.8,0,0,29.5,75,,,,
6/4/2020,14,2470.590088,264.859985,54,3.8,0,0,28.6,66,,,,
7/4/2020,13,2571.889893,265.130005,27,3.8,0,10.8,27.9,106,,,,
8/4/2020,18,2539.439941,274.029999,75,3.8,0,16.8,28.1,142,,,,
9/4/2020,11,2571.320068,278.200012,100,3.8,0,0,28.8,287,,,,
11/4/2020,12,2571.320068,278.200012,29,3.8,0,0,28.8,191,,,,
13/4/2020,10,2567.25,275.660004,97,3.8,0,0,29.5,386,,,,
14/4/2020,18,2634.570068,283.790009,25,3.8,0,0,29.6,334,,,,
15/4/2020,17,2605.560059,277.76001,24,3.8,0,0,29.6,447,,,,
16/4/2020,21,2612.25,279.100006,48,3.8,0,0,29.5,728,,,,
17/4/2020,15,2614.600098,286.640015,0,3.8,0,0,29.4,623,,,,
18/4/2020,7,2614.600098,286.640015,0,3.8,0,0,29.5,942,,,,
20/4/2020,19,2597.850098,281.589996,0,3.8,0,0,30.2,1426,,,,
21/4/2020,16,2551.919922,273.040009,24,3.8,0,0.8,29.5,1111,,,,
22/4/2020,15,2550.040039,279.100006,25,3.8,0,0,30,1016,,,,
23/4/2020,19,2542.370117,279.079987,24,3.8,0,0,28.9,1037,,,,
24/4/2020,13,2518.159912,282.970001,52,3.8,0,3.4,28,897,,,,
25/4/2020,12,2518.159912,282.970001,0,3.8,0,2.4,27.8,618,,,,
27/4/2020,20,2549.399902,287.049988,25,3.8,0,1.6,27.5,799,,,,
28/4/2020,16,2562.949951,285.730011,25,3.8,0,27.6,28.2,528,,,,
29/4/2020,9,2574.72998,293.209991,25,3.8,0,11.4,28.4,690,,,,
30/4/2020,19,2624.22998,290.480011,0,3.8,0,51.8,27.3,528,,,,
2/5/2020,12,2624.22998,282.790009,100,3.8,0,0,28.2,447,,,,
4/5/2020,17,2563.689941,283.570007,43,3.8,0,5.2,27.8,573,,,,
5/5/2020,13,2572.360107,286.190002,0,3.8,0,31,28.1,632,,,,
6/5/2020,11,2591.600098,284.25,43,3.8,0,15.2,28.1,788,,,,
7/5/2020,1,2591.600098,287.679993,240,3.8,1,0,29.6,741,,,,
8/5/2020,21,2591.879883,292.440002,45,3.8,0,53.8,29.1,768,,,,
9/5/2020,6,2591.879883,292.440002,0,3.8,0,0,30.4,753,,,,
11/5/2020,22,2611.310059,292.5,135,3.8,0,23,29.3,486,,,,
12/5/2020,21,2587.810059,286.670013,136,3.8,0,0,29.7,884,,,,
13/5/2020,18,2572.01001,281.600006,45,3.8,0,19.2,27.9,675,,,,
14/5/2020,14,2522.310059,284.970001,45,3.8,0,0,28.9,752,,,,
15/5/2020,26,2523.550049,286.279999,0,3.8,0,0,29.7,793,,,,
16/5/2020,4,2523.550049,286.279999,50,3.8,0,0,29.9,465,,,,
18/5/2020,21,2539.280029,295,0,3.8,0,0.2,29,305,,,,
19/5/2020,22,2581.330078,291.970001,0,3.8,0,4,29.8,451,,,,
20/5/2020,21,2561.939941,296.929993,0,3.8,0,16.2,28.8,570,,,,
21/5/2020,19,2555.340088,294.880005,0,3.8,0,0,29.3,448,,,,
22/5/2020,13,2499.830078,295.440002,92,3.8,0,4.6,28.1,614,,,,
23/5/2020,9,2499.830078,295.440002,0,3.8,0,6.8,27.8,642,,,,
24/5/2020,4,2499.830078,295.440002,0,3.8,1,0,29.2,548,,,,
25/5/2020,3,2499.830078,295.440002,49,3.8,1,0,30.1,344,,,,
26/5/2020,13,2530.300049,299.079987,0,3.8,0,2,29.9,383,,,,
27/5/2020,23,2519.47998,303.529999,0,3.8,0,21.2,27.7,533,,,,
28/5/2020,16,2515.23999,302.970001,0,3.8,0,0,29.4,373,,,,
29/5/2020,16,2510.75,304.320007,135,3.8,0,0,29.4,611,,,,
30/5/2020,6,2510.75,304.320007,98,3.8,0,0,28.9,506,,,,
31/5/2020,6,2510.75,304.320007,150,3.8,0,0,28.8,518,,,,
1/6/2020,23,2550.860107,305.549988,90,3.8,0,32.4,26.6,408,,,,
2/6/2020,20,2611.629883,308.079987,0,3.8,0,0.2,28.5,544,,,,
3/6/2020,23,2700.389893,312.179993,0,3.8,0,16.6,28.7,569,,,,
4/6/2020,21,2707.199951,311.359985,0,3.8,0,6,28.3,517,,,,
5/6/2020,28,2751.5,319.339996,261,3.8,0,41,27.6,261,,,,
6/6/2020,10,2751.5,319.339996,100,3.8,0,4.2,27.6,344,,,,
7/6/2020,6,2751.5,319.339996,0,3.8,0,0,29.5,383,,,,
8/6/2020,15,2796.969971,323.200012,86,3.8,0,8.6,28.8,386,,,,
9/6/2020,15,2794.169922,320.790009,0,3.8,0,0,29.7,218,,,,
10/6/2020,14,2800.570068,319,88,3.8,0,13.4,29.4,451,,,,
11/6/2020,17,2704.209961,300.609985,0,3.8,0,0,28.8,422,,,,
12/6/2020,22,2684.629883,304.209991,182,3.8,0,0,29.1,463,,,,
13/6/2020,8,2684.629883,304.209991,100,3.8,0,8.6,26.2,347,,,,
14/6/2020,3,2684.629883,304.209991,0,3.8,0,1.4,28.1,407,,,,
15/6/2020,24,2613.879883,307.049988,0,3.8,0,0,29.7,214,,,,
16/6/2020,21,2666.850098,312.959991,89,3.8,0,0.8,28.4,151,,,,
17/6/2020,11,2669.620117,311.660004,90,3.8,0,5.4,27.1,247,,,,
18/6/2020,24,2665.659912,311.779999,89,3.8,0,8.2,27.5,257,,,,
19/6/2020,26,2634.830078,308.640015,190,3.8,0,2.4,27.7,142,,,,
20/6/2020,5,2634.830078,308.640015,0,3.8,0,29.8,26.5,218,,,,
21/6/2020,3,2634.830078,308.640015,0,3.8,0,2,26.6,262,,,,
22/6/2020,27,2629.689941,310.619995,0,3.8,0,10.2,26.9,218,,,,
23/6/2020,23,2634.919922,312.049988,92,3.8,0,30.2,26.4,119,,,,
24/6/2020,24,2628.620117,304.089996,91,3.8,0,3.2,26.7,191,,,,
25/6/2020,25,2590.149902,307.350006,182,3.8,0,0,28.1,113,,,,
26/6/2020,14,2604.51001,300.049988,95,3.8,0,0,28.6,219,,,,
27/6/2020,7,2604.51001,300.049988,0,3.8,0,0,29.3,291,,,,
28/6/2020,7,2604.51001,300.049988,0,3.8,0,0.8,29.2,213,,,,
29/6/2020,27,2574.100098,304.459991,0,3.8,0,8.4,28.9,202,,,,
30/6/2020,28,2589.909912,308.359985,92,3.8,0,0,29,246,,,,
1/7/2020,29,2610.169922,310.519989,166,4.7,0,0,28.8,215,,,,
2/7/2020,19,2636.689941,312.230011,33,4.7,0,0,28.9,188,,,,
3/7/2020,13,2652.939941,312.230011,35,4.7,0,0,29.6,169,,,,
4/7/2020,4,2652.939941,312.230011,38,4.7,0,2,28.8,185,,,,
5/7/2020,5,2652.939941,312.230011,114,4.7,0,0,27.9,136,,,,
6/7/2020,16,2689.610107,317.049988,99,4.7,0,0.2,29,183,,,,
7/7/2020,17,2661.419922,313.779999,68,4.7,0,0.4,27.9,157,,,,
8/7/2020,16,2669.48999,316.179993,0,4.7,0,18.8,27.1,158,,,,
9/7/2020,11,2652.649902,314.380005,34,4.7,0,1.6,26.3,125,,,,
10/7/2020,2,2652.649902,317.589996,34,4.7,0,0.4,27.2,191,,,,
11/7/2020,6,2652.649902,317.589996,38,4.7,0,1.6,27.4,170,,,,
12/7/2020,4,2652.649902,317.589996,0,4.7,0,0.2,28.7,178,,,,
13/7/2020,20,2631.080078,314.839996,0,4.7,0,10.2,26.2,322,,,,
14/7/2020,19,2620.189941,318.920013,67,4.7,0,0,27.1,347,,,,
15/7/2020,14,2648.899902,321.850006,34,4.7,0,3,27.6,249,,,,
16/7/2020,20,2623.669922,320.790009,105,4.7,0,3.8,28.2,248,,,,
17/7/2020,21,2618.47998,321.720001,72,4.7,0,0,28.8,327,,,,
18/7/2020,8,2618.47998,321.720001,39,4.7,0,0.2,27.8,202,,,,
19/7/2020,3,2618.47998,321.720001,39,4.7,0,0,28.5,257,,,,
20/7/2020,14,2616.300049,324.320007,34,4.7,0,0,29.1,123,,,,
21/7/2020,15,2629.449951,325.01001,68,4.7,0,0,28.9,399,,,,
22/7/2020,13,2594.530029,326.859985,0,4.7,0,30.4,28,310,,,,
23/7/2020,18,2612.350098,322.959991,0,4.7,0,3.8,27.8,354,,,,
24/7/2020,17,2579.51001,320.880005,35,4.7,0,7.2,27.8,277,,,,
25/7/2020,4,2579.51001,320.880005,39,4.7,0,11.6,27.2,513,,,,
26/7/2020,1,2579.51001,320.880005,0,4.7,0,1.6,27.7,481,,,,
27/7/2020,21,2575.790039,323.220001,103,4.7,0,22.2,27.3,469,,,,
28/7/2020,19,2582.969971,321.170013,34,4.7,0,2.4,28.1,359,,,,
29/7/2020,15,2573.449951,325.119995,0,4.7,0,16.8,26.2,334,,,,
30/7/2020,21,2529.820068,323.959991,0,4.7,0,0.6,28.2,278,,,,
31/7/2020,4,2529.820068,326.519989,0,4.7,1,1.8,28.4,396,,,,
1/8/2020,7,2529.820068,326.519989,0,4.7,0,0,28.5,307,,,,
3/8/2020,17,2484.909912,328.790009,132,4.7,0,0,29.2,226,,,,
4/8/2020,26,2515.699951,330.059998,0,4.7,0,4.8,27.9,295,,,,
5/8/2020,23,2532.689941,332.109985,217,4.7,0,0,28.8,908,,,,
6/8/2020,21,2559.100098,334.329987,45,4.7,0,0,29.2,301,,,,
7/8/2020,18,2545.51001,334.570007,45,4.7,0,0,29.4,242,,,,
8/8/2020,10,2545.51001,334.570007,100,4.7,0,0,29.7,132,,,,
9/8/2020,3,2545.51001,334.570007,0,4.7,1,0,29.6,175,,,,
10/8/2020,6,2545.51001,335.570007,0,4.7,1,0,29.7,188,,,,
11/8/2020,27,2544.149902,332.799988,44,4.7,0,0,29.5,61,,,,
12/8/2020,19,2563.199951,337.440002,88,4.7,0,0,27.9,42,,,,
13/8/2020,23,2595.969971,336.829987,44,4.7,0,34.6,28.3,102,,,,
14/8/2020,27,2581.320068,336.839996,135,4.7,0,13.8,25.9,83,,,,
15/8/2020,9,2581.320068,336.839996,0,4.7,0,0,28,81,,,,
16/8/2020,3,2581.320068,336.839996,100,4.7,0,0,28,86,,,,
17/8/2020,16,2571.550049,337.910004,44,4.7,0,5.2,27.4,91,,,,
18/8/2020,22,2563.090088,338.640015,44,4.7,0,2,27.1,100,,,,
19/8/2020,17,2561.040039,337.230011,0,4.7,0,1.8,28,93,,,,
20/8/2020,23,2527.919922,338.279999,91,4.7,0,2.2,28.1,68,,,,
21/8/2020,17,2528.540039,339.480011,92,4.7,0,0,29.6,117,,,,
22/8/2020,9,2528.540039,339.480011,0,4.7,0,2,27.9,50,,,,
23/8/2020,7,2528.540039,339.480011,0,4.7,0,24.4,25.6,87,,,,
24/8/2020,19,2538.610107,342.920013,135,4.7,0,0,28.1,51,,,,
25/8/2020,19,2559.030029,344.119995,0,4.7,0,0,27.9,31,,,,
26/8/2020,21,2542.080078,347.570007,0,4.7,0,4.6,27,60,,,,
27/8/2020,21,2519.810059,348.329987,0,4.7,0,1.4,27.8,77,,,,
28/8/2020,23,2539.629883,350.579987,0,4.7,0,0,28.9,94,,,,
29/8/2020,6,2539.629883,350.579987,0,4.7,0,6.6,27.2,51,,,,
30/8/2020,1,2539.629883,350.579987,50,4.7,0,0,28.6,54,,,,
31/8/2020,27,2532.51001,349.309998,0,4.7,0,0,29,41,,,,
1/9/2020,25,2538.550049,352.600006,0,4.7,0,1.2,28.3,40,,,,
2/9/2020,22,2539.939941,357.700012,150,4.7,0,0.2,28.6,49,,,,
3/9/2020,15,2531.790039,345.390015,0,4.7,0,0.8,27.6,48,,,,
4/9/2020,33,2509.639893,342.570007,0,4.7,0,0,27.6,40,,,,
5/9/2020,13,2509.639893,342.570007,0,4.7,0,32.8,25.5,34,,,,
6/9/2020,3,2509.639893,342.570007,0,4.7,0,25.6,26.5,40,,,,
7/9/2020,18,2511.209961,342.570007,0,4.7,0,0,28.1,22,,,,
8/9/2020,16,2504.76001,333.209991,49,4.7,0,0,28.4,47,,,,
9/9/2020,17,2499.330078,339.790009,0,4.7,0,0,28.5,75,,,,
10/9/2020,19,2492.090088,333.890015,149,4.7,0,0.8,28,63,,,,
11/9/2020,17,2490.090088,334.059998,51,4.7,0,3.2,27.5,86,,,,
12/9/2020,9,2490.090088,334.059998,0,4.7,0,7.4,26.3,42,,,,
13/9/2020,3,2490.090088,334.059998,0,4.7,0,17,25,49,,,,
14/9/2020,21,2482.550049,338.459991,50,4.7,0,11.4,25.6,48,,,,
15/9/2020,14,2485.830078,340.170013,51,4.7,0,0,27.7,34,,,,
16/9/2020,24,2505.149902,338.820007,50,4.7,0,9.6,26.7,27,,,,
17/9/2020,36,2500.780029,335.839996,100,4.7,0,0,28,18,,,,
18/9/2020,18,2497.709961,330.649994,0,4.7,0,0,29,11,,,,
19/9/2020,7,2497.709961,330.649994,0,4.7,0,0,28.6,15,,,,
20/9/2020,3,2497.709961,330.649994,0,4.7,0,2.6,28.7,18,,,,
21/9/2020,31,2485.709961,326.970001,50,4.7,0,4.6,26.3,31,,,,
22/9/2020,20,2463.290039,330.299988,0,4.7,0,0,27.6,21,,,,
23/9/2020,19,2481.139893,322.640015,150,4.7,0,0,28.6,12,,,,
24/9/2020,22,2450.820068,323.5,0,4.7,0,0.2,28.4,15,,,,
25/9/2020,25,2472.280029,328.730011,0,4.7,0,0.8,28.4,11,,,,
26/9/2020,4,2472.280029,328.730011,0,4.7,0,25.2,26.2,20,,,,
27/9/2020,3,2472.280029,328.730011,0,4.7,0,4.2,26.7,15,,,,
28/9/2020,22,2483.01001,334.190002,54,4.7,0,0,28.3,15,,,,
29/9/2020,24,2471.610107,332.369995,0,4.7,0,2.6,27.2,27,,,,
30/9/2020,22,2466.620117,334.890015,54,4.7,0,0,28.1,23,,,,
1/10/2020,30,2500.73999,337.040009,0,4.4,0,0.6,27.1,19,,,,
2/10/2020,20,2496.110107,333.839996,94,4.4,0,0,27.8,10,,,,
3/10/2020,8,2496.110107,333.839996,50,4.4,0,4.2,27.8,6,,,,
4/10/2020,3,2496.110107,333.839996,0,4.4,0,0,28.6,12,,,,
5/10/2020,13,2517.22998,339.76001,45,4.4,0,0,29,7,,,,
6/10/2020,22,2529.26001,334.929993,0,4.4,0,0,28.6,11,,,,
7/10/2020,19,2538.360107,340.76001,0,4.4,0,3.8,28.7,10,,,,
8/10/2020,25,2543.110107,343.779999,138,4.4,0,4.2,27.9,9,,,,
9/10/2020,12,2532.959961,346.850006,0,4.4,0,0,27.9,10,,,,
10/10/2020,7,2532.959961,346.850006,0,4.4,0,19,27.5,7,,,,
11/10/2020,7,2532.959961,346.850006,0,4.4,0,0,27.8,10,,,,
12/10/2020,13,2552.419922,352.429993,150,4.4,0,0,28.5,4,,,,
13/10/2020,25,2567.649902,350.130005,0,4.4,0,0,29,4,,,,
14/10/2020,18,2555.590088,347.929993,49,4.4,0,2.6,28.9,5,,,,
15/10/2020,22,2523.620117,347.5,49,4.4,0,2,28.4,3,,,,
16/10/2020,16,2533.02002,347.290009,0,4.4,0,0.6,29,9,,,,
17/10/2020,3,2533.02002,347.290009,52,4.4,0,0,29.7,3,,,,
18/10/2020,6,2533.02002,347.290009,0,4.4,0,1.2,28.2,7,,,,
19/10/2020,13,2543.570068,342.01001,0,4.4,0,0,28.8,4,,,,
20/10/2020,23,2528.639893,343.380005,0,4.4,0,0,27.9,6,,,,
21/10/2020,25,2525.610107,342.730011,146,4.4,0,4.4,28.5,12,,,,
22/10/2020,22,2528.409912,344.609985,49,4.4,0,3,27.7,8,,,,
23/10/2020,26,2537.389893,345.779999,51,4.4,0,0,28.7,10,,,,
24/10/2020,8,2537.389893,345.779999,0,4.4,0,0.4,27.8,14,,,,
25/10/2020,2,2537.389893,345.779999,0,4.4,0,14,28.4,5,,,,
26/10/2020,27,2523.310059,339.390015,0,4.4,0,1.2,27.1,3,,,,
27/10/2020,28,2512.870117,338.220001,0,4.4,0,0,29.6,7,,,,
28/10/2020,17,2483.47998,326.660004,0,4.4,0,8,27.7,7,,,,
29/10/2020,14,2450.679932,329.980011,49,4.4,0,0,28.3,7,,,,
30/10/2020,18,2423.840088,326.540009,0,4.4,0,0,28.5,9,,,,
31/10/2020,8,2423.840088,326.540009,0,4.4,0,9.6,27.7,12,,,,
1/11/2020,2,2423.840088,326.540009,0,4.4,0,0,27.9,4,,,,
2/11/2020,18,2443.129883,330.200012,150,4.4,0,48.2,26.7,1,,,,
3/11/2020,21,2497.219971,336.029999,99,4.4,0,0,27.6,9,,,,
4/11/2020,20,2515.97998,343.540009,0,4.4,0,64.2,25.4,7,,,,
5/11/2020,18,2588.620117,350.23999,0,4.4,0,0,28,7,,,,
6/11/2020,22,2578.679932,350.160004,0,4.4,0,0,28.7,4,,,,
7/11/2020,6,2578.679932,350.160004,0,4.4,0,5.2,26,7,,,,
9/11/2020,29,2609.360107,354.559998,48,4.4,0,3.8,26.7,8,,,,
10/11/2020,23,2705,354.040009,0,4.4,0,10.8,26.6,9,,,,
11/11/2020,13,2713.280029,356.670013,0,4.4,0,0,28.3,18,,,,
12/11/2020,29,2711.899902,353.209991,0,4.4,0,0,29.3,11,,,,
13/11/2020,27,2711.389893,358.100006,51,4.4,0,0,29.1,12,,,,
14/11/2020,9,2711.389893,358.100006,0,4.4,1,4.6,28,2,,,,
15/11/2020,3,2711.389893,358.100006,0,4.4,0,19.2,27.4,3,,,,
16/11/2020,28,2748,362.570007,50,4.4,0,8.6,27.6,5,,,,
17/11/2020,13,2778.550049,360.619995,0,4.4,0,0.8,27.3,6,,,,
18/11/2020,19,2788.590088,356.279999,0,4.4,0,0,28.5,5,,,,
19/11/2020,21,2777,357.779999,0,4.4,0,0.8,27.3,4,,,,
20/11/2020,15,2813.01001,355.329987,51,4.4,0,0.2,27.9,4,,,,
21/11/2020,6,2813.01001,355.329987,54,4.4,0,7.6,26.7,5,,,,
22/11/2020,4,2813.01001,355.329987,55,4.4,0,17.4,26.2,12,,,,
23/11/2020,19,2848.780029,357.459991,49,4.4,0,7.4,26.1,5,,,,
24/11/2020,25,2891.629883,363.220001,0,4.4,0,0.2,26.1,18,,,,
25/11/2020,12,2869.550049,362.660004,49,4.4,0,0,26.6,7,,,,
26/11/2020,22,2857.47998,362.660004,0,4.4,0,5.4,26.2,5,,,,
27/11/2020,19,2855.820068,363.670013,50,4.4,0,0,27.2,4,,,,
28/11/2020,8,2855.820068,363.670013,0,4.4,0,4.2,26.5,6,,,,
29/11/2020,1,2855.820068,363.670013,0,4.4,0,0,27.6,8,,,,
30/11/2020,24,2805.949951,362.059998,49,4.4,0,11.8,27.2,5,,,,
1/12/2020,19,2814.120117,366.019989,0,4.4,0,0.2,28.6,10,,,,
2/12/2020,15,2810.949951,366.790009,0,4.4,0,4.6,27.6,2,,,,
3/12/2020,16,2822.340088,366.690002,89,4.4,0,17.6,26.7,9,,,,
4/12/2020,12,2839.889893,369.850006,0,4.4,0,0.4,26.6,3,,,,
5/12/2020,4,2839.889893,369.850006,0,4.4,0,0,26.8,13,,,,
7/12/2020,23,2825.51001,369.089996,0,4.4,0,9.8,27.8,13,,,,
8/12/2020,16,2825.629883,370.170013,89,4.4,0,0,28,12,,,,
9/12/2020,23,2843.070068,366.850006,0,4.4,0,58.2,27.2,6,,,,
10/12/2020,26,2824.959961,366.730011,0,4.4,0,42.2,26.3,6,,,,
11/12/2020,18,2821.699951,366.299988,0,4.4,0,0,27.8,8,,,,
12/12/2020,7,2821.699951,366.299988,0,4.4,0,30,26.2,8,,,,
13/12/2020,1,2821.699951,366.299988,100,4.4,0,1.8,27,7,,,,
14/12/2020,20,2858.139893,364.660004,0,4.4,0,20.6,26.4,5,,,,
15/12/2020,21,2856.719971,369.589996,0,4.4,0,0,27.2,16,,,,
16/12/2020,10,2872.800049,370.170013,90,4.4,0,12.2,25.9,12,,,,
17/12/2020,18,2858.02002,372.23999,0,4.4,0,0,26.7,24,,,,
18/12/2020,20,2848.97998,369.179993,0,4.4,0,19.4,25.5,9,,,,
19/12/2020,4,2848.97998,369.179993,0,4.4,0,0.6,26.6,17,,,,
20/12/2020,2,2848.97998,369.179993,0,4.4,0,1.6,26.9,19,,,,
21/12/2020,17,2846.52002,367.859985,90,4.4,0,0,27.3,10,,,,
22/12/2020,35,2827.320068,367.23999,0,4.4,0,0,28,29,,,,
23/12/2020,18,2833.399902,367.570007,0,4.4,0,5.6,27.6,21,,,,
24/12/2020,12,2833.399902,369,0,4.4,0,7.6,26.8,13,,,,
25/12/2020,4,2833.399902,369,0,4.4,1,14.2,28,14,,,,
26/12/2020,6,2833.399902,369,0,4.4,0,1.2,27.5,10,,,,
27/12/2020,3,2833.399902,369,0,4.4,0,2.2,27.2,5,,,,
28/12/2020,14,2840.139893,372.170013,0,4.4,0,0,28.1,5,,,,
29/12/2020,18,2848.139893,371.459991,0,4.4,0,3.2,26.6,13,,,,
30/12/2020,17,2869.219971,371.98999,0,4.4,0,0,27.8,27,,,,
31/12/2020,8,2869.219971,373.880005,0,4.4,0,0,27.7,30,,,,
1/1/2021,2,2869.219971,373.880005,0,4.4,1,134.4,24.5,30,,,,
2/1/2021,2,2869.219971,373.880005,0,4.4,0,210.6,23.1,33,,,,
3/1/2021,3,2869.219971,373.880005,0,4.4,0,5.6,24,35,,,,
4/1/2021,22,2858.899902,368.790009,100,4.4,0,0,25.2,24,,,,
5/1/2021,19,2859.679932,371.329987,51,4.4,0,4.2,26.3,28,,,,
6/1/2021,21,2863.01001,373.549988,0,4.4,0,0.8,26.6,31,,,,
7/1/2021,30,2906.969971,379.100006,0,4.4,0,7.2,24.3,33,,,,
8/1/2021,22,2993.189941,381.26001,0,4.4,0,40.6,25.3,23,,,,
9/1/2021,7,2993.189941,381.26001,0,4.4,0,23.8,25.6,29,,,,
10/1/2021,6,2993.189941,381.26001,0,4.4,0,204,23.9,42,,,,
11/1/2021,23,2983.899902,378.690002,49,4.4,0,2.4,25.8,22,,,,
12/1/2021,18,2977.169922,378.769989,0,4.4,0,13,25.7,17,,,,
13/1/2021,19,2977.51001,379.790009,0,4.4,0,2,25.4,38,,,,
14/1/2021,18,3000,378.459991,0,4.4,0,0,25.7,45,,,,
15/1/2021,16,3004.870117,375.700012,0,4.4,0,0,26.8,30,,,,
16/1/2021,8,3004.870117,375.700012,0,4.4,0,0,27,24,,,,
17/1/2021,5,3004.870117,375.700012,53,4.4,0,0,27.1,30,,,,
18/1/2021,22,2990.399902,375.700012,49,4.4,0,0,26.5,14,,,,
19/1/2021,23,2995.919922,378.649994,0,4.4,0,0,26.4,30,,,,
20/1/2021,25,2998.77002,383.890015,0,4.4,0,0,26.4,40,,,,
21/1/2021,34,3017.149902,384.23999,0,4.4,0,0.8,26.5,38,,,,
22/1/2021,31,2991.530029,382.880005,0,4.4,0,3.2,26.3,15,,,,
23/1/2021,5,2991.530029,382.880005,0,4.4,0,28.4,26.1,10,,,,
24/1/2021,3,2991.530029,382.880005,0,4.4,0,0,26.7,48,,,,
25/1/2021,27,2973.649902,384.390015,49,4.4,0,0,27.4,44,,,,
26/1/2021,30,2945.52002,383.790009,0,4.4,0,0,27.3,14,,,,
27/1/2021,29,2958.629883,374.410004,0,4.4,0,0,26.8,25,,,,
28/1/2021,29,2920.300049,377.630005,49,4.4,0,10.8,26.4,34,,,,
29/1/2021,25,2902.52002,370.070007,0,4.4,0,0,26.9,24,,,,
30/1/2021,6,2902.52002,370.070007,0,4.4,0,0,27,58,,,,
31/1/2021,1,2902.52002,370.070007,57,4.4,0,1,26.4,29,,,,
1/2/2021,21,2896.320068,376.230011,0,4.4,0,0,26.9,29,,,,
2/2/2021,33,2917.290039,381.549988,51,4.4,0,0,26.9,19,,,,
3/2/2021,29,2927.469971,381.850006,50,4.4,0,0,27,18,,,,
4/2/2021,30,2905.580078,386.190002,0,4.4,0,0,26.7,22,,,,
5/2/2021,11,2907.110107,387.709991,0,4.4,0,0,26.8,25,,,,
6/2/2021,3,2907.110107,387.709991,0,4.4,0,0,27.6,26,,,,
7/2/2021,2,2907.110107,387.709991,100,4.4,0,0,27.6,24,,,,
8/2/2021,35,2931.399902,390.51001,0,4.4,0,0,27.6,22,,,,
9/2/2021,30,2935.27002,390.25,0,4.4,0,0,27.7,11,,,,
10/2/2021,32,2925.840088,390.079987,0,4.4,0,0,27.4,15,,,,
11/2/2021,26,2925.47998,390.709991,0,4.4,0,0.6,27.6,12,,,,
12/2/2021,2,2925.47998,392.640015,0,4.4,1,0.4,27.5,18,,,,
13/2/2021,2,2925.47998,392.640015,0,4.4,1,0,27.7,9,,,,
14/2/2021,0,2925.47998,392.640015,0,4.4,0,0,27.1,14,,,,
15/2/2021,23,2931.52002,392.640015,0,4.4,0,0,27,9,,,,
16/2/2021,47,2935.340088,392.299988,0,4.4,0,0,26.6,1,,,,
17/2/2021,26,2920.429932,392.390015,0,4.4,0,0,27,11,,,,
18/2/2021,20,2908.850098,390.720001,0,4.4,0,0,26.9,11,,,,
19/2/2021,24,2880.639893,390.029999,0,4.4,0,0,27.1,14,,,,
20/2/2021,11,2880.639893,390.029999,0,4.4,0,0,27.2,12,,,,
21/2/2021,4,2880.639893,390.029999,0,4.4,0,0,27.2,11,,,,
22/2/2021,30,2881.209961,387.029999,0,4.4,0,0,27.2,10,,,,
23/2/2021,37,2890.699951,387.5,0,4.4,0,0,27.1,4,,,,
24/2/2021,27,2924.580078,391.769989,90,4.4,0,0,26.7,7,,,,
25/2/2021,42,2973.540039,382.329987,0,4.4,0,0,27.4,10,,,,
26/2/2021,34,2949.040039,380.359985,0,4.4,0,0,27.6,13,,,,
27/2/2021,9,2949.040039,380.359985,0,4.4,0,0,28.2,12,,,,
28/2/2021,4,2949.040039,380.359985,98,4.4,0,0,28.3,11,,,,
1/3/2021,33,2973,389.579987,0,4.2,0,0,28.3,12,,,,
2/3/2021,33,2973.870117,386.540009,0,4.2,0,0,28.3,8,,,,
3/3/2021,23,3000.370117,381.420013,91,4.2,0,0,28.5,23,,,,
4/3/2021,32,3014.780029,376.700012,0,4.2,0,0,28.5,19,,,,
5/3/2021,37,2949.040039,383.630005,0,4.2,0,0,28.8,9,,,,
6/3/2021,7,2949.040039,383.630005,0,4.2,0,0,28.8,13,,,,
7/3/2021,8,2949.040039,383.630005,0,4.2,0,36.4,26.5,13,,,,
8/3/2021,27,3071.159912,381.720001,0,4.2,0,0,27.7,13,,,,
9/3/2021,36,3108.530029,387.170013,0,4.2,0,0,28,6,,,,
10/3/2021,31,3079.719971,389.579987,89,4.2,0,0,28.1,10,,,,
11/3/2021,24,3106.01001,393.529999,0,4.2,0,0,28.3,8,,,,
12/3/2021,43,3095.219971,394.059998,0,4.2,0,3.8,27.4,10,,,,
13/3/2021,10,3095.219971,394.059998,0,4.2,0,0,28,8,,,,
14/3/2021,2,3095.219971,394.059998,0,4.2,0,12,27.5,17,,,,
15/3/2021,30,3106,396.410004,0,4.2,0,19.4,27.7,12,,,,
16/3/2021,43,3105.51001,395.910004,0,4.2,0,1.4,28,11,,,,
17/3/2021,23,3109.649902,397.26001,0,4.2,0,0.6,27.5,9,,,,
18/3/2021,21,3137.659912,391.480011,0,4.2,0,0,28.1,15,,,,
19/3/2021,17,3134.540039,389.480011,0,4.2,0,0,28.7,15,,,,
20/3/2021,1,3134.540039,389.480011,0,4.2,0,0.6,28,17,,,,
21/3/2021,14,3134.540039,389.480011,0,4.2,0,0,28.9,12,,,,
22/3/2021,35,3128.080078,392.589996,0,4.2,0,0,28.6,12,,,,
23/3/2021,24,3131.73999,389.5,0,4.2,0,1.2,28,13,,,,
24/3/2021,34,3133.310059,387.519989,0,4.2,0,38,25.7,15,,,,
25/3/2021,31,3141.709961,389.700012,0,4.2,0,1.6,26.2,17,,,,
26/3/2021,31,3157.949951,395.980011,0,4.2,0,0,28.3,12,,,,
27/3/2021,4,3157.949951,395.980011,100,4.2,0,13.2,27.1,23,,,,
28/3/2021,8,3157.949951,395.980011,0,4.2,0,0,28.4,12,,,,
29/3/2021,39,3175.570068,395.779999,0,4.2,0,8.8,27.5,21,,,,
30/3/2021,28,3190.889893,394.730011,0,4.2,0,11.8,27.7,26,,,,
31/3/2021,31,3165.340088,396.329987,0,4.2,0,33.6,28.5,34,,,,
1/4/2021,23,3181.679932,400.609985,0,4.2,0,0,30.4,26,,,,
2/4/2021,10,3181.679932,400.609985,0,4.2,1,11.4,28.6,43,,,,
3/4/2021,5,3181.679932,400.609985,0,4.2,0,2,27.8,18,,,,
4/4/2021,6,3181.679932,400.609985,0,4.2,0,42,27,10,,,,
5/4/2021,26,3209.73999,406.359985,0,4.2,0,33.8,27,17,,,,
6/4/2021,28,3207.629883,406.119995,0,4.2,0,0,28.4,24,,,,
7/4/2021,20,3195.76001,406.589996,89,4.2,0,0,29.2,35,,,,
8/4/2021,25,3186.399902,408.519989,0,4.2,0,33,27.8,21,,,,
9/4/2021,42,3184.540039,411.48999,0,4.2,0,0.2,28.5,26,,,,
10/4/2021,1,3184.540039,411.48999,0,4.2,0,0,29.2,32,,,,
11/4/2021,6,3184.540039,411.48999,98,4.2,0,0,29.2,20,,,,
12/4/2021,31,3173.929932,411.640015,0,4.2,0,12.4,28.5,25,,,,
13/4/2021,23,3187.899902,412.859985,0,4.2,0,0,28.8,14,,,,
14/4/2021,25,3179.389893,411.450012,0,4.2,0,0,28.5,27,,,,
15/4/2021,23,3184.77002,415.869995,0,4.2,0,18.4,26.8,16,,,,
16/4/2021,28,3201.76001,417.26001,0,4.2,0,0.2,27.7,34,,,,
17/4/2021,4,3201.76001,417.26001,0,4.2,0,83.8,25.8,39,,,,
18/4/2021,3,3201.76001,417.26001,0,4.2,0,0,28,23,,,,
19/4/2021,23,3209.719971,415.209991,88,4.2,0,0,28.4,20,,,,
20/4/2021,28,3192.169922,412.170013,0,4.2,0,0,29,14,,,,
21/4/2021,22,3155.060059,416.070007,87,4.2,0,0,29.1,15,,,,
22/4/2021,21,3187.780029,412.269989,0,4.2,0,10.8,27.2,24,,,,
23/4/2021,16,3194.040039,416.73999,0,4.2,0,0,29.1,39,,,,
24/4/2021,3,3194.040039,416.73999,0,4.2,0,32,26.4,23,,,,
25/4/2021,4,3194.040039,416.73999,0,4.2,0,0,28.8,40,,,,
26/4/2021,35,3204.899902,417.609985,0,4.2,0,8.8,28.3,45,,,,
27/4/2021,21,3214.429932,417.519989,0,4.2,0,1.6,27.7,12,,,,
28/4/2021,24,3219.560059,417.399994,88,4.2,0,0,28.4,23,,,,
29/4/2021,16,3221.580078,420.059998,0,4.2,0,0,29,35,,,,
30/4/2021,18,3218.27002,417.299988,0,4.2,0,0,28.7,24,,,,
1/5/2021,9,3218.27002,417.299988,0,4.2,1,0.2,28.4,34,,,,
2/5/2021,7,3218.27002,417.299988,0,4.2,0,0,29.4,39,,,,
3/5/2021,20,3184.76001,418.200012,0,4.2,0,0,29.5,17,,,,
4/5/2021,33,3179.129883,415.619995,0,4.2,0,0,29.4,17,,,,
5/5/2021,20,3153.590088,415.75,0,4.2,0,0,28.1,16,,,,
6/5/2021,32,3173,419.070007,0,4.2,0,23.2,27.5,18,,,,
7/5/2021,22,3200.26001,422.119995,46,4.2,0,0.2,28.5,25,,,,
8/5/2021,7,3200.26001,422.119995,0,4.2,0,0,28.2,20,,,,
9/5/2021,7,3200.26001,422.119995,0,4.2,0,6.8,27.8,28,,,,
10/5/2021,18,3182.409912,417.940002,46,4.2,0,0,29.3,19,,,,
11/5/2021,21,3144.27002,414.209991,45,4.2,0,0,29.7,25,,,,
12/5/2021,19,3123.26001,405.410004,0,4.2,0,34.8,28,16,,,,
13/5/2021,3,3123.26001,410.279999,0,4.2,1,0,29,34,,,,
14/5/2021,18,3055.02002,416.579987,0,4.2,0,39.8,28.4,52,,,,
15/5/2021,6,3055.02002,416.579987,0,4.2,0,20.6,28,31,,,,
16/5/2021,3,3055.02002,416.579987,0,4.2,0,0,29.3,49,,,,
17/5/2021,31,3079.689941,415.519989,45,4.2,0,5.6,28.6,28,,,,
18/5/2021,32,3142.629883,411.940002,0,4.2,0,25.8,26.4,38,,,,
19/5/2021,21,3104.209961,410.859985,39,4.2,0,3,27.7,38,,,,
20/5/2021,23,3109.810059,415.279999,0,4.2,0,0,28.8,41,,,,
21/5/2021,16,3117.889893,414.940002,43,4.2,0,49.8,27.8,40,,,,
22/5/2021,4,3117.889893,414.940002,0,4.2,0,0,27.8,29,,,,
23/5/2021,5,3117.889893,414.940002,0,4.2,0,0,29.5,25,,,,
24/5/2021,24,3123.610107,419.170013,0,4.2,0,0,29.8,36,,,,
25/5/2021,19,3146.090088,418.23999,42,4.2,0,0,30,30,,,,
26/5/2021,3,3146.090088,419.070007,0,4.2,1,0,29.6,26,,,,
27/5/2021,18,3164.820068,419.290009,42,4.2,0,1,29.4,24,,,,
28/5/2021,21,3178.550049,420.040009,0,4.2,0,0,29.2,30,,,,
29/5/2021,9,3178.550049,420.040009,0,4.2,0,35,28.3,33,,,,
30/5/2021,7,3178.550049,420.040009,0,4.2,0,0,29.1,25,,,,
31/5/2021,27,3164.280029,420.040009,0,4.2,0,0,29.3,23,,,,
1/6/2021,22,3187.22998,419.670013,0,4.2,0,0,29.2,18,,,,
2/6/2021,29,3161.040039,420.329987,0,4.2,0,0.4,29.3,31,,,,
3/6/2021,29,3165,418.769989,0,4.2,0,1.2,29.6,45,,,,
4/6/2021,25,3151.040039,422.600006,45,4.2,0,0,30,13,,,,
5/6/2021,11,3151.040039,422.600006,0,4.2,0,0.6,29.6,18,,,,
6/6/2021,12,3151.040039,422.600006,0,4.2,0,0,29.7,20,,,,
7/6/2021,27,3175.810059,422.190002,44,4.2,0,0.8,29.6,14,,,,
8/6/2021,25,3167.139893,422.279999,0,4.2,0,0,29.3,9,,,,
9/6/2021,15,3153.469971,421.649994,0,4.2,0,2.4,28.8,4,,,,
10/6/2021,29,3162.5,423.609985,0,4.2,0,1,28,13,,,,
11/6/2021,31,3157.969971,424.309998,0,4.2,0,0.2,28.5,9,,,,
12/6/2021,8,3157.969971,424.309998,0,4.2,0,3.6,28.7,52,,,,
13/6/2021,5,3157.969971,424.309998,0,4.2,0,15.2,28.4,25,,,,
14/6/2021,20,3153.139893,425.26001,0,4.2,0,0,29,14,,,,
15/6/2021,13,3174.870117,424.480011,0,4.2,0,1.8,27.6,24,,,,
16/6/2021,15,3139.570068,422.109985,0,4.2,0,0,28.1,27,,,,
17/6/2021,18,3138.310059,421.970001,0,4.2,0,0,29,16,,,,
18/6/2021,15,3144.159912,414.920013,0,4.2,0,23.8,26.6,21,,,,
19/6/2021,7,3144.159912,414.920013,0,4.2,0,0,28.2,11,,,,
20/6/2021,1,3144.159912,414.920013,51,4.2,0,1.6,27.4,16,,,,
21/6/2021,22,3117.870117,420.859985,45,4.2,0,0.2,28.6,18,,,,
22/6/2021,15,3109.199951,423.109985,45,4.2,0,0.2,28.4,22,,,,
23/6/2021,19,3118.620117,422.600006,0,4.2,0,0,29,23,,,,
24/6/2021,17,3119.620117,425.100006,0,4.2,0,6.8,28.2,20,,,,
25/6/2021,21,3121.600098,426.609985,0,4.2,0,6.2,27.4,17,,,,
26/6/2021,1,3121.600098,426.609985,0,4.2,0,11.4,27.8,14,,,,
27/6/2021,1,3121.600098,426.609985,0,4.2,0,0.4,27.5,9,,,,
28/6/2021,27,3126.879883,427.470001,90,4.2,0,0.2,28.8,9,,,,
29/6/2021,33,3089.48999,427.700012,0,4.2,0,15.4,27.6,9,,,,
30/6/2021,16,3130.459961,428.059998,0,4.2,0,0,28.1,35,,,,
1/7/2021,19,3124.189941,430.429993,0,4.2,0,0,29.5,0,,,,
2/7/2021,14,3128.949951,433.720001,0,4.2,0,0,28.8,10,,,,
3/7/2021,5,3128.949951,433.720001,0,4.2,0,0,28.1,10,,,,
4/7/2021,4,3128.949951,433.720001,51,4.2,0,0,26.9,7,,,,
5/7/2021,23,3141.02002,433.720001,0,4.2,0,0,27,11,,,,
6/7/2021,13,3190.590088,432.929993,0,4.2,0,0,27.3,13,,,,
7/7/2021,21,3141.600098,434.459991,0,4.2,0,0,28,10,,,,
8/7/2021,21,3107.590088,430.920013,0,4.2,0,0,28.4,12,,,,
9/7/2021,21,3131.399902,435.519989,0,4.2,0,0,28.2,16,,,,
10/7/2021,9,3131.399902,435.519989,100,4.2,0,0,27.3,10,,,,
11/7/2021,3,3131.399902,435.519989,0,4.2,0,0,27.7,6,,,,
